{"outside": 329882883.50635815, "20km": 281736474.1619734, "10km": 158039034.25690553, "0km": 17333.92439798099, "IDF": 769675725.849599}