{"outside": 267256460.76551276, "20km": 240018321.09629875, "10km": 256050719.36033657, "0km": 14372.417853308652, "IDF": 763339873.639964}