{"outside": 303878415.7063597, "10km": 173270014.01698303, "20km": 293548289.8576974, "0km": 892841.7293650439, "IDF": 771589561.3104731}