{"outside": 335336219.34759945, "10km": 186748581.08635354, "20km": 248994738.23732927, "0km": 12371.420675015937, "IDF": 771091910.09192}