{"outside": 320099484.0924485, "10km": 210789968.32203746, "20km": 240458825.6996155, "0km": 241283.19630777912, "IDF": 771589561.3104731}