{"outside": 332213804.73125285, "10km": 182446225.86125275, "20km": 223707798.66199517, "0km": 4859142.62470027, "IDF": 743226971.8791662}