{"outside": 336371541.90103143, "10km": 186158949.1251545, "20km": 248648867.64751145, "0km": 410202.6367104051, "IDF": 771589561.3104731}