{"outside": 316223079.2935691, "10km": 211163365.29418856, "20km": 242022681.8617029, "0km": 10055.752451267688, "IDF": 769419182.2018759}