{"outside": 313093403.0441457, "10km": 179700652.11688843, "20km": 274422228.23960406, "0km": 1551161.5077867457, "IDF": 768767444.9083881}