{"outside": 306727583.4050185, "20km": 267936702.81716287, "10km": 193512858.9405006, "0km": 3412416.147732392, "IDF": 771589561.3104731}