{"outside": 232104288.64525217, "20km": 212015349.44212937, "0km": 12787871.192307254, "10km": 219638557.69497395, "IDF": 676546066.9746295}