{"outside": 386171897.0702318, "10km": 142312800.8361963, "20km": 240457768.4641864, "0km": 13800.143080136122, "IDF": 768956266.5136606}