{"outside": 333716741.2877261, "10km": 193285088.37605488, "20km": 225999024.3211509, "0km": 18588707.325479094, "IDF": 771589561.3104731}