{"outside": 387125418.67668504, "10km": 143373573.46429142, "20km": 239895979.1900997, "0km": 1194589.979338445, "IDF": 771589561.3104731}