{"outside": 232364263.9758124, "0km": 19229030.696653288, "10km": 262311592.3545943, "20km": 187525962.3367962, "IDF": 701430849.3638165}