{"outside": 383973500.1606876, "10km": 158650549.47425914, "20km": 224192777.39778173, "0km": 39599.114495744354, "IDF": 766856426.1471883}