{"outside": 331118680.55024165, "20km": 281937088.2419192, "10km": 157840419.91145617, "0km": 693372.6067895449, "IDF": 771589561.3104731}