{"outside": 264637635.3066238, "20km": 226972580.2343973, "0km": 9778359.337698018, "10km": 215437088.24685133, "IDF": 716825663.1255349}