{"outside": 317649382.16061646, "10km": 211509513.08449882, "20km": 241927942.95478907, "0km": 502723.1105064627, "IDF": 771589561.3104731}