{"outside": 319542716.0638315, "20km": 264913019.65552792, "10km": 182780515.2780609, "0km": 4353310.312997347, "IDF": 771589561.3104731}