{"idf": {"nb": {"car": 0.3228605208651256, "walk": 0.3834799606096613, "car_passenger": 0.07639088490968768, "bike": 0.012775191593303642, "pt": 0.1882350500923026, "car_pt": 0.008456872616504236, "pt_car": 0.007801519313414939}, "dist": {"car": 0.4344842291595059, "walk": 0.037460550526193855, "car_passenger": 0.08680133004488445, "bike": 0.011503776197631007, "pt": 0.36137661099667284, "car_pt": 0.03568868899197356, "pt_car": 0.032684814083141216}}, "res": {"nb": {"walk": 0.5092847317744154, "pt": 0.374828060522696, "car_passenger": 0.038170563961485555, "car": 0.053988995873452544, "bike": 0.023039889958734527, "car_pt": 0.000343878954607978, "pt_car": 0.000343878954607978}, "dist": {"walk": 0.06845956317170841, "pt": 0.7727174184892734, "car_passenger": 0.0511470745783838, "car": 0.08780503292354792, "bike": 0.016857208188611472, "car_pt": 0.0015095998629907042, "pt_car": 0.0015041027854839554}}, "inout": {"nb": {"car": 0.17596126990038172, "car_passenger": 0.048319523321850855, "bike": 0.013965180150823946, "walk": 0.3267852155292803, "pt": 0.390559538218043, "car_pt": 0.022716693045340283, "pt_car": 0.02169257983427986}, "dist": {"car": 0.24763424166300657, "car_passenger": 0.05433432514779108, "bike": 0.007492401087915735, "walk": 0.026192336894591082, "pt": 0.5128318409877985, "car_pt": 0.07832037789866787, "pt_car": 0.07319447632023111}}}