{"idf": {"nb": {"car": 0.3228605208651256, "walk": 0.3834799606096613, "car_passenger": 0.07639088490968768, "bike": 0.012775191593303642, "pt": 0.1882350500923026, "car_pt": 0.008456872616504236, "pt_car": 0.007801519313414939}, "dist": {"car": 0.4344842291595059, "walk": 0.037460550526193855, "car_passenger": 0.08680133004488445, "bike": 0.011503776197631007, "pt": 0.36137661099667284, "car_pt": 0.03568868899197356, "pt_car": 0.032684814083141216}}, "res": {"nb": {"car": 0.322964318389753, "car_passenger": 0.06835707750620834, "walk": 0.36465821461246894, "pt": 0.21199843157757156, "car_pt": 0.012939485034635996, "bike": 0.006927199058946543, "pt_car": 0.012155273820415632}, "dist": {"car": 0.38017764348947003, "car_passenger": 0.08460468654406814, "walk": 0.03323728324815962, "pt": 0.415060844447524, "car_pt": 0.04132571366583875, "bike": 0.006390500570122328, "pt_car": 0.03920332803481411}}, "inout": {"nb": {"car": 0.46303201748746303, "car_passenger": 0.07612189790407613, "pt": 0.19544811624019545, "walk": 0.2506107753632506, "car_pt": 0.005143371480005143, "bike": 0.0050147871930050145, "pt_car": 0.004629034332004629}, "dist": {"car": 0.532643219514086, "car_passenger": 0.09359805511816481, "pt": 0.31217699174756025, "walk": 0.022560884318536013, "car_pt": 0.01840835572480695, "bike": 0.005577263612093744, "pt_car": 0.015035229964753143}}}