{"idf": {"nb": {"car": 0.3228605208651256, "walk": 0.3834799606096613, "car_passenger": 0.07639088490968768, "bike": 0.012775191593303642, "pt": 0.1882350500923026, "car_pt": 0.008456872616504236, "pt_car": 0.007801519313414939}, "dist": {"car": 0.4344842291595059, "walk": 0.037460550526193855, "car_passenger": 0.08680133004488445, "bike": 0.011503776197631007, "pt": 0.36137661099667284, "car_pt": 0.03568868899197356, "pt_car": 0.032684814083141216}}, "res": {"nb": {"car": 0.3003484320557491, "walk": 0.3933797909407665, "car_passenger": 0.07038327526132404, "pt": 0.20905923344947736, "car_pt": 0.011614401858304297, "bike": 0.004761904761904762, "pt_car": 0.010452961672473868}, "dist": {"car": 0.36819105476896635, "walk": 0.03943267482325788, "car_passenger": 0.09907274352119586, "pt": 0.4275001471051454, "car_pt": 0.03209061594175039, "bike": 0.0036553139192736957, "pt_car": 0.030057449920410585}}, "inout": {"nb": {"car": 0.42523273224399455, "walk": 0.24549182995898705, "pt": 0.23286244385131177, "car_passenger": 0.07584141657444177, "car_pt": 0.007811991406809452, "bike": 0.005533493913156696, "pt_car": 0.007226092051298744}, "dist": {"car": 0.4865075174915992, "walk": 0.0212198272374353, "pt": 0.34963983228509743, "car_passenger": 0.0879668937370458, "car_pt": 0.027751973545159857, "bike": 0.002683634191699772, "pt_car": 0.02423032151196233}}}