{"idf": {"nb": {"car": 0.3228605208651256, "walk": 0.3834799606096613, "car_passenger": 0.07639088490968768, "bike": 0.012775191593303642, "pt": 0.1882350500923026, "car_pt": 0.008456872616504236, "pt_car": 0.007801519313414939}, "dist": {"car": 0.4344842291595059, "walk": 0.037460550526193855, "car_passenger": 0.08680133004488445, "bike": 0.011503776197631007, "pt": 0.36137661099667284, "car_pt": 0.03568868899197356, "pt_car": 0.032684814083141216}}, "res": {"nb": {"car": 0.31100564700228284, "car_passenger": 0.06938603868797309, "bike": 0.006568144499178982, "walk": 0.3895430333613681, "pt": 0.20988025151187473, "car_pt": 0.007048740438143298, "pt_car": 0.006568144499178982}, "dist": {"car": 0.397454222326088, "car_passenger": 0.09067840080844701, "bike": 0.006448135812579201, "walk": 0.041305706589928035, "pt": 0.42489908036384716, "car_pt": 0.02036089048604086, "pt_car": 0.018853563613071576}}, "inout": {"nb": {"car": 0.41181515867402985, "car_passenger": 0.06735182147855004, "walk": 0.20965436297154552, "bike": 0.005010758836540921, "car_pt": 0.015874926644296312, "pt": 0.2753660261522488, "pt_car": 0.01492694524278857}, "dist": {"car": 0.42631087087412356, "car_passenger": 0.06379906982553259, "walk": 0.01124858391502168, "bike": 0.003430068514851906, "car_pt": 0.047035970849318744, "pt": 0.40459426168431767, "pt_car": 0.043581174336827004}}}