{"idf": {"nb": {"car": 0.3228605208651256, "walk": 0.3834799606096613, "car_passenger": 0.07639088490968768, "bike": 0.012775191593303642, "pt": 0.1882350500923026, "car_pt": 0.008456872616504236, "pt_car": 0.007801519313414939}, "dist": {"car": 0.4344842291595059, "walk": 0.037460550526193855, "car_passenger": 0.08680133004488445, "bike": 0.011503776197631007, "pt": 0.36137661099667284, "car_pt": 0.03568868899197356, "pt_car": 0.032684814083141216}}, "res": {"nb": {"car": 0.30405976604738033, "car_passenger": 0.06773813034503097, "bike": 0.0057898358399685445, "walk": 0.3955273763884793, "pt": 0.21255283593826796, "car_pt": 0.007411776270520004, "pt_car": 0.006920279170352895}, "dist": {"car": 0.3992822258750562, "car_passenger": 0.08699072848773862, "bike": 0.005912230354509626, "walk": 0.042820902395881114, "pt": 0.4245186310516282, "car_pt": 0.020913081000499007, "pt_car": 0.019562200834680705}}, "inout": {"nb": {"car": 0.4161258562097039, "car_passenger": 0.06899435722074594, "bike": 0.004827593508157151, "walk": 0.20645373026879957, "car_pt": 0.014482780524471453, "pt": 0.27561747673544573, "pt_car": 0.013498205532676244}, "dist": {"car": 0.45327828341882803, "car_passenger": 0.06850008016599296, "bike": 0.0031053887497755114, "walk": 0.011439549418179743, "car_pt": 0.041504769251809806, "pt": 0.38371422473933997, "pt_car": 0.03845770425606748}}}