{"idf": {"nb": {"car": 0.3228605208651256, "walk": 0.3834799606096613, "car_passenger": 0.07639088490968768, "bike": 0.012775191593303642, "pt": 0.1882350500923026, "car_pt": 0.008456872616504236, "pt_car": 0.007801519313414939}, "dist": {"car": 0.4344842291595059, "walk": 0.037460550526193855, "car_passenger": 0.08680133004488445, "bike": 0.011503776197631007, "pt": 0.36137661099667284, "car_pt": 0.03568868899197356, "pt_car": 0.032684814083141216}}, "res": {"nb": {"car": 0.301685162351007, "walk": 0.37792848335388407, "pt": 0.2332511302918208, "car_passenger": 0.07603781339909577, "bike": 0.002055076037813399, "car_pt": 0.004932182490752158, "pt_car": 0.004110152075626798}, "dist": {"car": 0.4095694754651757, "walk": 0.03898547623485934, "pt": 0.40728126376751117, "car_passenger": 0.11431303396867615, "bike": 0.0012384321309530878, "car_pt": 0.015726488270921914, "pt_car": 0.01288583016190216}}, "inout": {"nb": {"car": 0.39382699695323886, "car_passenger": 0.0678235527884488, "pt": 0.26665783547489735, "walk": 0.25473572658630284, "car_pt": 0.006225990197377136, "bike": 0.0049013114319777455, "pt_car": 0.005828586567757319}, "dist": {"car": 0.5022824612089555, "car_passenger": 0.0808129328284793, "pt": 0.35469892148112997, "walk": 0.022378969557457905, "car_pt": 0.020271289276908473, "bike": 0.0024948978741848224, "pt_car": 0.017060527772883635}}}