{"idf": {"nb": {"car": 0.3228605208651256, "walk": 0.3834799606096613, "car_passenger": 0.07639088490968768, "bike": 0.012775191593303642, "pt": 0.1882350500923026, "car_pt": 0.008456872616504236, "pt_car": 0.007801519313414939}, "dist": {"car": 0.4344842291595059, "walk": 0.037460550526193855, "car_passenger": 0.08680133004488445, "bike": 0.011503776197631007, "pt": 0.36137661099667284, "car_pt": 0.03568868899197356, "pt_car": 0.032684814083141216}}, "res": {"nb": {"walk": 0.37076320036891863, "car": 0.3583121973714549, "car_passenger": 0.08111597878718008, "pt": 0.16550611021443393, "car_pt": 0.010145261701637076, "bike": 0.004934286373068942, "pt_car": 0.009222965183306432}, "dist": {"walk": 0.03438456369707131, "car": 0.4357110347396229, "car_passenger": 0.0829741588384052, "pt": 0.37361380291019, "car_pt": 0.03587752707693488, "bike": 0.003650070416429817, "pt_car": 0.0337888423213483}}, "inout": {"nb": {"car": 0.5134211810639336, "walk": 0.20907759882869692, "car_passenger": 0.09497315763787213, "pt": 0.16476329917032698, "car_pt": 0.0057101024890190335, "bike": 0.006734992679355783, "pt_car": 0.00531966813079551}, "dist": {"car": 0.5666585664490751, "walk": 0.01827282881832458, "car_passenger": 0.09727589585089282, "pt": 0.2795096173965379, "car_pt": 0.017353652300277817, "bike": 0.005465925974543857, "pt_car": 0.015463513210347033}}}