{"idf": {"nb": {"car": 0.3228605208651256, "walk": 0.3834799606096613, "car_passenger": 0.07639088490968768, "bike": 0.012775191593303642, "pt": 0.1882350500923026, "car_pt": 0.008456872616504236, "pt_car": 0.007801519313414939}, "dist": {"car": 0.4344842291595059, "walk": 0.037460550526193855, "car_passenger": 0.08680133004488445, "bike": 0.011503776197631007, "pt": 0.36137661099667284, "car_pt": 0.03568868899197356, "pt_car": 0.032684814083141216}}, "res": {"nb": {"bike": 0.003429551300371535, "car": 0.2852243498142326, "walk": 0.41097456416118894, "car_passenger": 0.08459559874249786, "pt": 0.20891683338096598, "car_pt": 0.003715347242069163, "pt_car": 0.003143755358673907}, "dist": {"bike": 0.0054348896641053576, "car": 0.3789639240539956, "walk": 0.052413641132740024, "car_passenger": 0.11268074012526004, "pt": 0.4273902127622289, "car_pt": 0.013116123156161832, "pt_car": 0.01000046910550701}}, "inout": {"nb": {"car": 0.43050157320007404, "pt": 0.22283916342772533, "car_passenger": 0.0923560984638164, "walk": 0.2402369054229132, "bike": 0.0037016472330186935, "car_pt": 0.005367388487877105, "pt_car": 0.004997223764575236}, "dist": {"car": 0.5209831967235307, "pt": 0.3233771456646873, "car_passenger": 0.09389289214986868, "walk": 0.021812772497085003, "bike": 0.006227725340714997, "car_pt": 0.01704825606053063, "pt_car": 0.016658011563584537}}}