{"idf": {"nb": {"car": 0.3228605208651256, "walk": 0.3834799606096613, "car_passenger": 0.07639088490968768, "bike": 0.012775191593303642, "pt": 0.1882350500923026, "car_pt": 0.008456872616504236, "pt_car": 0.007801519313414939}, "dist": {"car": 0.4344842291595059, "walk": 0.037460550526193855, "car_passenger": 0.08680133004488445, "bike": 0.011503776197631007, "pt": 0.36137661099667284, "car_pt": 0.03568868899197356, "pt_car": 0.032684814083141216}}, "res": {"nb": {"walk": 0.44006705783738476, "car": 0.278918692372171, "bike": 0.012363788767812238, "car_passenger": 0.06663872590108968, "pt": 0.18692372170997484, "car_pt": 0.007753562447611065, "pt_car": 0.007334450963956412}, "dist": {"walk": 0.05020551805914545, "car": 0.3810925278172731, "bike": 0.008225927335506894, "car_passenger": 0.09711025814335575, "pt": 0.402831626058306, "car_pt": 0.03095374401995336, "pt_car": 0.029580398566457954}}, "inout": {"nb": {"car": 0.45009174311926603, "walk": 0.2636697247706422, "car_passenger": 0.10366972477064221, "pt": 0.1726605504587156, "bike": 0.003853211009174312, "car_pt": 0.0031192660550458714, "pt_car": 0.0029357798165137615}, "dist": {"car": 0.5251390212829173, "walk": 0.02982851272725699, "car_passenger": 0.11002485789999304, "pt": 0.3102114621546147, "bike": 0.0028222521593604154, "car_pt": 0.012156783298471661, "pt_car": 0.009817110477384311}}}