{"idf": {"nb": {"car": 0.3228605208651256, "walk": 0.3834799606096613, "car_passenger": 0.07639088490968768, "bike": 0.012775191593303642, "pt": 0.1882350500923026, "car_pt": 0.008456872616504236, "pt_car": 0.007801519313414939}, "dist": {"car": 0.4344842291595059, "walk": 0.037460550526193855, "car_passenger": 0.08680133004488445, "bike": 0.011503776197631007, "pt": 0.36137661099667284, "car_pt": 0.03568868899197356, "pt_car": 0.032684814083141216}}, "res": {"nb": {"car": 0.3475703023885163, "bike": 0.008197042789347766, "car_passenger": 0.07918578656312507, "pt": 0.17092206926305056, "walk": 0.37424010667921714, "car_pt": 0.010354159312860337, "pt_car": 0.00953053300388281}, "dist": {"car": 0.4456148188480784, "bike": 0.00597671939928453, "car_passenger": 0.08032727198268994, "pt": 0.3630389000418991, "walk": 0.03395648438061117, "car_pt": 0.03720052668601929, "pt_car": 0.03388527866142626}}, "inout": {"nb": {"car": 0.4878265190232822, "walk": 0.23016042021578648, "car_passenger": 0.08936683702441794, "pt": 0.17997586598523566, "car_pt": 0.00486229415105054, "bike": 0.003478137421919364, "pt_car": 0.0043299261783077796}, "dist": {"car": 0.5507456347701368, "walk": 0.019845350303552927, "car_passenger": 0.09771171926130172, "pt": 0.30593922729753015, "car_pt": 0.01212795783269375, "bike": 0.0026228974491648545, "pt_car": 0.011007213085615268}}}