{"idf": {"nb": {"car": 0.3228605208651256, "walk": 0.3834799606096613, "car_passenger": 0.07639088490968768, "bike": 0.012775191593303642, "pt": 0.1882350500923026, "car_pt": 0.008456872616504236, "pt_car": 0.007801519313414939}, "dist": {"car": 0.4344842291595059, "walk": 0.037460550526193855, "car_passenger": 0.08680133004488445, "bike": 0.011503776197631007, "pt": 0.36137661099667284, "car_pt": 0.03568868899197356, "pt_car": 0.032684814083141216}}, "res": {"nb": {"walk": 0.4655245930422133, "car": 0.12746745591813188, "car_passenger": 0.04941182372269182, "bike": 0.02347688680428403, "pt": 0.32804936165943466, "car_pt": 0.0031352680027088714, "pt_car": 0.002934610850535504}, "dist": {"walk": 0.056710832058026094, "car": 0.22067989532136548, "car_passenger": 0.07338255250236242, "bike": 0.01552893940236126, "pt": 0.6149367607081414, "car_pt": 0.009734969038850568, "pt_car": 0.009026050968888213}}, "inout": {"nb": {"car": 0.2750162372807967, "car_passenger": 0.06094392725698203, "walk": 0.26144187053474777, "bike": 0.011517644511799091, "pt": 0.3500324745615934, "car_pt": 0.02115176445117991, "pt_car": 0.01989608140290106}, "dist": {"car": 0.3095031547999375, "car_passenger": 0.06363904024259522, "walk": 0.01680751772636514, "bike": 0.007789460633756521, "pt": 0.46716968109732776, "car_pt": 0.07069029940355724, "pt_car": 0.06440084609646149}}}