{"idf": {"nb": {"car": 0.3228605208651256, "walk": 0.3834799606096613, "car_passenger": 0.07639088490968768, "bike": 0.012775191593303642, "pt": 0.1882350500923026, "car_pt": 0.008456872616504236, "pt_car": 0.007801519313414939}, "dist": {"car": 0.4344842291595059, "walk": 0.037460550526193855, "car_passenger": 0.08680133004488445, "bike": 0.011503776197631007, "pt": 0.36137661099667284, "car_pt": 0.03568868899197356, "pt_car": 0.032684814083141216}}, "res": {"nb": {"car": 0.2847542242703533, "walk": 0.4190668202764977, "pt": 0.19479646697388633, "bike": 0.006816436251920123, "car_passenger": 0.07594086021505377, "car_pt": 0.009600614439324117, "pt_car": 0.00902457757296467}, "dist": {"car": 0.3941007051312575, "walk": 0.043956771972048087, "pt": 0.3935146114029697, "bike": 0.005368350340333184, "car_passenger": 0.09393283850155697, "car_pt": 0.03596337578068672, "pt_car": 0.03316334687114438}}, "inout": {"nb": {"car": 0.45171275278580275, "car_passenger": 0.09007428807263723, "walk": 0.2458728848534874, "pt": 0.19232356582748658, "car_pt": 0.007222451506397029, "bike": 0.006293850598431696, "pt_car": 0.006500206355757325}, "dist": {"car": 0.5235232102312852, "car_passenger": 0.09609890259833863, "walk": 0.02240656868958915, "pt": 0.31193525482507195, "car_pt": 0.021115283070343844, "bike": 0.0072049412807806594, "pt_car": 0.017715839304591165}}}