{"idf": {"nb": {"car": 0.3228605208651256, "walk": 0.3834799606096613, "car_passenger": 0.07639088490968768, "bike": 0.012775191593303642, "pt": 0.1882350500923026, "car_pt": 0.008456872616504236, "pt_car": 0.007801519313414939}, "dist": {"car": 0.4344842291595059, "walk": 0.037460550526193855, "car_passenger": 0.08680133004488445, "bike": 0.011503776197631007, "pt": 0.36137661099667284, "car_pt": 0.03568868899197356, "pt_car": 0.032684814083141216}}, "res": {"nb": {"car": 0.3421269919907522, "car_passenger": 0.06975063991412765, "walk": 0.36485426471802496, "bike": 0.00522252497729337, "pt": 0.2051853686731071, "car_pt": 0.00666749236231525, "pt_car": 0.00619271736437949}, "dist": {"car": 0.438550558629237, "car_passenger": 0.08667497762946096, "walk": 0.03646124042565449, "bike": 0.0039493182038754, "pt": 0.39350390742714497, "car_pt": 0.021431893742863858, "pt_car": 0.019428103941762417}}, "inout": {"nb": {"car": 0.426827909050379, "walk": 0.2332070144152177, "bike": 0.006315945905780948, "car_passenger": 0.07075717045623421, "car_pt": 0.00834076385792837, "pt": 0.24678629811264674, "pt_car": 0.007764898201813048}, "dist": {"car": 0.4928941899478312, "walk": 0.017649865833398518, "bike": 0.003483822289534832, "car_passenger": 0.07685624599943322, "car_pt": 0.027028267285226937, "pt": 0.35753854199635865, "pt_car": 0.02454906664823078}}}