{"idf": {"nb": {"car": 0.3228605208651256, "walk": 0.3834799606096613, "car_passenger": 0.07639088490968768, "bike": 0.012775191593303642, "pt": 0.1882350500923026, "car_pt": 0.008456872616504236, "pt_car": 0.007801519313414939}, "dist": {"car": 0.4344842291595059, "walk": 0.037460550526193855, "car_passenger": 0.08680133004488445, "bike": 0.011503776197631007, "pt": 0.36137661099667284, "car_pt": 0.03568868899197356, "pt_car": 0.032684814083141216}}, "res": {"nb": {"car": 0.06852090624424388, "walk": 0.4906981027813594, "car_passenger": 0.03776017682814515, "pt": 0.38165407994105727, "car_pt": 0.0001841959845275373, "bike": 0.020998342236139254, "pt_car": 0.0001841959845275373}, "dist": {"car": 0.1177294422543177, "walk": 0.06817789238728497, "car_passenger": 0.06096266033544147, "pt": 0.74161284261448, "car_pt": 0.0007332599539723421, "bike": 0.010049334610501852, "pt_car": 0.0007345678440035768}}, "inout": {"nb": {"car": 0.18503340757238307, "walk": 0.36579064587973276, "car_passenger": 0.047572383073496656, "car_pt": 0.013719376391982183, "pt": 0.35269487750556794, "bike": 0.02262806236080178, "pt_car": 0.012561247216035635}, "dist": {"car": 0.2643991539117203, "walk": 0.03761412273319821, "car_passenger": 0.06079978170530568, "car_pt": 0.05696737584022006, "pt": 0.5154374752092074, "bike": 0.0133634059945203, "pt_car": 0.051418684605828685}}}