{"idf": {"nb": {"car": 0.3228605208651256, "walk": 0.3834799606096613, "car_passenger": 0.07639088490968768, "bike": 0.012775191593303642, "pt": 0.1882350500923026, "car_pt": 0.008456872616504236, "pt_car": 0.007801519313414939}, "dist": {"car": 0.4344842291595059, "walk": 0.037460550526193855, "car_passenger": 0.08680133004488445, "bike": 0.011503776197631007, "pt": 0.36137661099667284, "car_pt": 0.03568868899197356, "pt_car": 0.032684814083141216}}, "res": {"nb": {"car": 0.33997429305912596, "pt": 0.17705655526992287, "walk": 0.3981362467866324, "car_pt": 0.007390745501285347, "car_passenger": 0.06683804627249357, "bike": 0.003213367609254499, "pt_car": 0.007390745501285347}, "dist": {"car": 0.39877883332223535, "pt": 0.4083477117603422, "walk": 0.037821549392655876, "car_pt": 0.03517352739926473, "car_passenger": 0.08504127782619707, "bike": 0.0017158150795725914, "pt_car": 0.03312128521973209}}, "inout": {"nb": {"car": 0.5355848120587674, "car_pt": 0.007822934554474336, "car_passenger": 0.08032818164472429, "pt": 0.1652356420530433, "walk": 0.20015264262545315, "bike": 0.004388475481778287, "pt_car": 0.006487311581759206}, "dist": {"car": 0.6022240505646813, "car_pt": 0.020378024628703275, "car_passenger": 0.08851686218521904, "pt": 0.2559405796499916, "walk": 0.012879760774659533, "bike": 0.0025938264247365684, "pt_car": 0.017466895772007645}}}