{"idf": {"nb": {"car": 0.3228605208651256, "walk": 0.3834799606096613, "car_passenger": 0.07639088490968768, "bike": 0.012775191593303642, "pt": 0.1882350500923026, "car_pt": 0.008456872616504236, "pt_car": 0.007801519313414939}, "dist": {"car": 0.4344842291595059, "walk": 0.037460550526193855, "car_passenger": 0.08680133004488445, "bike": 0.011503776197631007, "pt": 0.36137661099667284, "car_pt": 0.03568868899197356, "pt_car": 0.032684814083141216}}, "res": {"nb": {"car_passenger": 0.07253007964751737, "car": 0.4078969666158278, "walk": 0.34078969666158276, "car_pt": 0.009659379766141332, "pt": 0.15387222504660228, "bike": 0.006270123707846128, "pt_car": 0.00898152855448229}, "dist": {"car_passenger": 0.08181375275523133, "car": 0.48286073555964, "walk": 0.03276292013709028, "car_pt": 0.03321798268905093, "pt": 0.33388027365668144, "bike": 0.004038875180820706, "pt_car": 0.03142546002148773}}, "inout": {"nb": {"car": 0.4809668548270372, "walk": 0.2061079751049356, "pt": 0.1971341728180634, "car_passenger": 0.09972499638153133, "bike": 0.005355333622810827, "car_pt": 0.005789549862498191, "pt_car": 0.004921117383123462}, "dist": {"car": 0.5205721391245639, "walk": 0.01855319824757991, "pt": 0.3146140764911488, "car_passenger": 0.11638212561352985, "bike": 0.002905044015588808, "car_pt": 0.015258949103502256, "pt_car": 0.011714467404085058}}}