{"idf": {"nb": {"car": 0.3228605208651256, "walk": 0.3834799606096613, "car_passenger": 0.07639088490968768, "bike": 0.012775191593303642, "pt": 0.1882350500923026, "car_pt": 0.008456872616504236, "pt_car": 0.007801519313414939}, "dist": {"car": 0.4344842291595059, "walk": 0.037460550526193855, "car_passenger": 0.08680133004488445, "bike": 0.011503776197631007, "pt": 0.36137661099667284, "car_pt": 0.03568868899197356, "pt_car": 0.032684814083141216}}, "res": {"nb": {"car": 0.28785917680559153, "car_passenger": 0.06083354905513849, "car_pt": 0.003106393994304944, "pt": 0.25084131504012425, "walk": 0.38804038312192596, "bike": 0.0064716541548019675, "pt_car": 0.0028475278281128655}, "dist": {"car": 0.3718265435636351, "car_passenger": 0.07479323290431192, "car_pt": 0.009350443307261695, "pt": 0.4818230757046568, "walk": 0.046351330396070145, "bike": 0.007420352167368621, "pt_car": 0.008435021956696894}}, "inout": {"nb": {"car": 0.3666308628714644, "walk": 0.3059434300035804, "car_passenger": 0.07303974221267455, "pt": 0.24257071249552453, "car_pt": 0.003938417472252059, "bike": 0.00447547440028643, "pt_car": 0.003401360544217687}, "dist": {"car": 0.47455384858961225, "walk": 0.03735902081794488, "car_passenger": 0.08303995652344374, "pt": 0.3652028237687648, "car_pt": 0.02092839996182857, "bike": 0.002852061459045275, "pt_car": 0.0160638888793616}}}