{"idf": {"nb": {"car": 0.3228605208651256, "walk": 0.3834799606096613, "car_passenger": 0.07639088490968768, "bike": 0.012775191593303642, "pt": 0.1882350500923026, "car_pt": 0.008456872616504236, "pt_car": 0.007801519313414939}, "dist": {"car": 0.4344842291595059, "walk": 0.037460550526193855, "car_passenger": 0.08680133004488445, "bike": 0.011503776197631007, "pt": 0.36137661099667284, "car_pt": 0.03568868899197356, "pt_car": 0.032684814083141216}}, "res": {"nb": {"car": 0.27491665539726123, "walk": 0.42504277474320457, "car_passenger": 0.06815736401747444, "bike": 0.00648529783568619, "pt": 0.21258018426947795, "car_pt": 0.0066205307008002255, "pt_car": 0.006197193036095416}, "dist": {"car": 0.3685601668469968, "walk": 0.04435740763926757, "car_passenger": 0.08395813647358451, "bike": 0.005155836315619124, "pt": 0.44957145380077196, "car_pt": 0.02519534394992248, "pt_car": 0.023201654973834484}}, "inout": {"nb": {"car": 0.4057536611986251, "walk": 0.23671950087152002, "car_passenger": 0.07569192174238845, "pt": 0.26024239659862836, "bike": 0.005188394937038787, "car_pt": 0.008593024581751837, "pt_car": 0.007811100070047404}, "dist": {"car": 0.48047307121957167, "walk": 0.01597013944108487, "car_passenger": 0.07954350810596778, "pt": 0.36836623663867474, "bike": 0.0033116297575310756, "car_pt": 0.027632528650031938, "pt_car": 0.024702886187154983}}}