{"idf": {"nb": {"car": 0.3228605208651256, "walk": 0.3834799606096613, "car_passenger": 0.07639088490968768, "bike": 0.012775191593303642, "pt": 0.1882350500923026, "car_pt": 0.008456872616504236, "pt_car": 0.007801519313414939}, "dist": {"car": 0.4344842291595059, "walk": 0.037460550526193855, "car_passenger": 0.08680133004488445, "bike": 0.011503776197631007, "pt": 0.36137661099667284, "car_pt": 0.03568868899197356, "pt_car": 0.032684814083141216}}, "res": {"nb": {"car": 0.3067026484247521, "car_passenger": 0.07160788251537592, "walk": 0.3859671143466801, "bike": 0.006903476841973139, "car_pt": 0.007217271243881009, "pt": 0.2150119241872725, "pt_car": 0.006589682440065269}, "dist": {"car": 0.3933755171377032, "car_passenger": 0.08923863427602875, "walk": 0.04104918541324376, "bike": 0.007597887934271963, "car_pt": 0.021425403818637022, "pt": 0.42880670987816977, "pt_car": 0.018506661541944948}}, "inout": {"nb": {"car": 0.4067584914824966, "car_passenger": 0.06019498317316032, "walk": 0.23179405336016376, "car_pt": 0.015161502966381015, "pt": 0.2673212365125074, "bike": 0.004093952746070846, "pt_car": 0.014675779759220067}, "dist": {"car": 0.4356467954406924, "car_passenger": 0.057590993357899856, "walk": 0.01385180637607322, "car_pt": 0.04893413708166974, "pt": 0.39482834176322373, "bike": 0.003147408278613916, "pt_car": 0.04600051770183709}}}