{"idf": {"nb": {"car": 0.3228605208651256, "walk": 0.3834799606096613, "car_passenger": 0.07639088490968768, "bike": 0.012775191593303642, "pt": 0.1882350500923026, "car_pt": 0.008456872616504236, "pt_car": 0.007801519313414939}, "dist": {"car": 0.4344842291595059, "walk": 0.037460550526193855, "car_passenger": 0.08680133004488445, "bike": 0.011503776197631007, "pt": 0.36137661099667284, "car_pt": 0.03568868899197356, "pt_car": 0.032684814083141216}}, "res": {"nb": {"car": 0.3606353933978655, "walk": 0.3705634152395135, "pt": 0.16579796475552247, "car_pt": 0.016381236038719285, "car_passenger": 0.06701414743112435, "bike": 0.0047158103747828245, "pt_car": 0.014892032762472078}, "dist": {"car": 0.4271103291907411, "walk": 0.037321111456753285, "pt": 0.34529277759040783, "car_pt": 0.06103366267455452, "car_passenger": 0.07410654795088414, "bike": 0.0038821428644290755, "pt_car": 0.05125342827222954}}, "inout": {"nb": {"car": 0.48250244379276636, "car_passenger": 0.08289345063538613, "walk": 0.2619745845552297, "pt": 0.1573802541544477, "car_pt": 0.005865102639296188, "bike": 0.0037145650048875855, "pt_car": 0.005669599217986315}, "dist": {"car": 0.5602021215007192, "car_passenger": 0.09889407791123568, "walk": 0.025639203799594633, "pt": 0.26859419678835855, "car_pt": 0.021260318470319072, "bike": 0.004648006453104963, "pt_car": 0.020762075076666497}}}