{"idf": {"nb": {"car": 0.3228605208651256, "walk": 0.3834799606096613, "car_passenger": 0.07639088490968768, "bike": 0.012775191593303642, "pt": 0.1882350500923026, "car_pt": 0.008456872616504236, "pt_car": 0.007801519313414939}, "dist": {"car": 0.4344842291595059, "walk": 0.037460550526193855, "car_passenger": 0.08680133004488445, "bike": 0.011503776197631007, "pt": 0.36137661099667284, "car_pt": 0.03568868899197356, "pt_car": 0.032684814083141216}}, "res": {"nb": {"car": 0.4067671938212578, "walk": 0.34130194924604634, "pt": 0.13828613460831188, "car_pt": 0.009930121368150056, "bike": 0.00625229863920559, "car_passenger": 0.0886355277675616, "pt_car": 0.008826774549466716}, "dist": {"car": 0.5125947377615316, "walk": 0.029250279785648238, "pt": 0.2941946014798631, "car_pt": 0.027536521228625828, "bike": 0.0032614392476312155, "car_passenger": 0.10973760303332247, "pt_car": 0.023424817463378978}}, "inout": {"nb": {"car": 0.4876799219321786, "walk": 0.21737009026591853, "pt": 0.18077579897535984, "car_passenger": 0.09538911929738961, "car_pt": 0.006586972432300561, "bike": 0.006830934374237619, "pt_car": 0.005367162722615272}, "dist": {"car": 0.522417006073243, "walk": 0.02179395595268483, "pt": 0.31399965820339804, "car_passenger": 0.10481953345545242, "car_pt": 0.018488908429237307, "bike": 0.005367382220615777, "pt_car": 0.013113555665373039}}}