{"idf": {"nb": {"car": 0.3228605208651256, "walk": 0.3834799606096613, "car_passenger": 0.07639088490968768, "bike": 0.012775191593303642, "pt": 0.1882350500923026, "car_pt": 0.008456872616504236, "pt_car": 0.007801519313414939}, "dist": {"car": 0.4344842291595059, "walk": 0.037460550526193855, "car_passenger": 0.08680133004488445, "bike": 0.011503776197631007, "pt": 0.36137661099667284, "car_pt": 0.03568868899197356, "pt_car": 0.032684814083141216}}, "res": {"nb": {"walk": 0.3786338620912917, "car": 0.3578018776303011, "car_passenger": 0.07924894787957268, "car_pt": 0.0092101003561023, "pt": 0.16027840725153772, "bike": 0.006377468436387181, "pt_car": 0.008449336354807381}, "dist": {"walk": 0.03467617025620669, "car": 0.4445242223775532, "car_passenger": 0.0837778693504998, "car_pt": 0.03539291906846391, "pt": 0.36410240035648084, "bike": 0.005116974735608583, "pt_car": 0.03240944385517663}}, "inout": {"nb": {"car": 0.4879995812285707, "bike": 0.004763525008506295, "car_passenger": 0.09113513230559846, "walk": 0.20954275394561206, "pt": 0.19519983249142828, "car_pt": 0.00591514643913419, "pt_car": 0.005444028581150051}, "dist": {"car": 0.532935808374957, "bike": 0.0035442838362962996, "car_passenger": 0.09468338367313658, "walk": 0.01516465531406032, "pt": 0.3208803300343222, "car_pt": 0.01736828855360619, "pt_car": 0.015423250213631697}}}