{"idf": {"nb": {"car": 0.3228605208651256, "walk": 0.3834799606096613, "car_passenger": 0.07639088490968768, "bike": 0.012775191593303642, "pt": 0.1882350500923026, "car_pt": 0.008456872616504236, "pt_car": 0.007801519313414939}, "dist": {"car": 0.4344842291595059, "walk": 0.037460550526193855, "car_passenger": 0.08680133004488445, "bike": 0.011503776197631007, "pt": 0.36137661099667284, "car_pt": 0.03568868899197356, "pt_car": 0.032684814083141216}}, "res": {"nb": {"car": 0.3241875, "walk": 0.3643125, "pt": 0.2148125, "car_passenger": 0.0704375, "car_pt": 0.009625, "bike": 0.0078125, "pt_car": 0.0088125}, "dist": {"car": 0.419777362502237, "walk": 0.038592326540827324, "pt": 0.40304046885839917, "car_passenger": 0.08442765370769047, "car_pt": 0.02562976986752754, "bike": 0.005854345902247465, "pt_car": 0.02267807262106707}}, "inout": {"nb": {"car": 0.420824020579429, "walk": 0.2420191456163286, "bike": 0.005440053978830178, "car_passenger": 0.07080504364694472, "pt": 0.24724834478977775, "car_pt": 0.007042550499725889, "pt_car": 0.006620840888963859}, "dist": {"car": 0.4837587010719537, "walk": 0.02024789353264022, "bike": 0.002826820800081714, "car_passenger": 0.07664782840473158, "pt": 0.3731372159556521, "car_pt": 0.022564873536981323, "pt_car": 0.020816666697965284}}}