{"idf": {"nb": {"car": 0.3228605208651256, "walk": 0.3834799606096613, "car_passenger": 0.07639088490968768, "bike": 0.012775191593303642, "pt": 0.1882350500923026, "car_pt": 0.008456872616504236, "pt_car": 0.007801519313414939}, "dist": {"car": 0.4344842291595059, "walk": 0.037460550526193855, "car_passenger": 0.08680133004488445, "bike": 0.011503776197631007, "pt": 0.36137661099667284, "car_pt": 0.03568868899197356, "pt_car": 0.032684814083141216}}, "res": {"nb": {"car": 0.3027191947085941, "walk": 0.4067991002828319, "car_passenger": 0.07213326503797074, "bike": 0.006335879562612743, "car_pt": 0.007686939996585232, "pt": 0.19713604881633745, "pt_car": 0.007189571595067887}, "dist": {"car": 0.39476856516834957, "walk": 0.040287520405331144, "car_passenger": 0.0839685497103314, "bike": 0.004856749465079994, "car_pt": 0.030190477302406638, "pt": 0.4178131917988134, "pt_car": 0.02811494614968241}}, "inout": {"nb": {"car": 0.4041371640407785, "walk": 0.2355366079703429, "car_passenger": 0.07405375347544023, "bike": 0.00567191844300278, "pt": 0.26280630213160333, "car_pt": 0.009327154772937905, "pt_car": 0.008467099165894347}, "dist": {"car": 0.47928629196237643, "walk": 0.014843122177241314, "car_passenger": 0.07881203734615308, "bike": 0.003774190070860881, "pt": 0.36836746626097094, "car_pt": 0.029070417783282072, "pt_car": 0.02584647439912754}}}