{"idf": {"nb": {"car": 0.3228605208651256, "walk": 0.3834799606096613, "car_passenger": 0.07639088490968768, "bike": 0.012775191593303642, "pt": 0.1882350500923026, "car_pt": 0.008456872616504236, "pt_car": 0.007801519313414939}, "dist": {"car": 0.4344842291595059, "walk": 0.037460550526193855, "car_passenger": 0.08680133004488445, "bike": 0.011503776197631007, "pt": 0.36137661099667284, "car_pt": 0.03568868899197356, "pt_car": 0.032684814083141216}}, "res": {"nb": {"car": 0.35132972001460305, "walk": 0.359705411553259, "car_passenger": 0.071863854643489, "bike": 0.0053146676402033195, "pt": 0.19461372125024573, "car_pt": 0.008965430087899127, "pt_car": 0.008207194810300767}, "dist": {"car": 0.44895485848342687, "walk": 0.035752041250899744, "car_passenger": 0.08816027220237467, "bike": 0.004430624120316742, "pt": 0.3725944902932217, "car_pt": 0.026295527992542422, "pt_car": 0.023812185657233538}}, "inout": {"nb": {"car": 0.4163001375975312, "car_passenger": 0.07646604999642087, "walk": 0.23583262413603862, "bike": 0.005599344622163542, "car_pt": 0.009289821759498605, "pt": 0.24803346880990065, "pt_car": 0.0084785530784465}, "dist": {"car": 0.48176528252136563, "car_passenger": 0.07998605590611049, "walk": 0.016983424966400897, "bike": 0.002955637100134701, "car_pt": 0.029388358602549014, "pt": 0.3623775243294375, "pt_car": 0.02654371657399615}}}