{"idf": {"nb": {"car": 0.3228605208651256, "walk": 0.3834799606096613, "car_passenger": 0.07639088490968768, "bike": 0.012775191593303642, "pt": 0.1882350500923026, "car_pt": 0.008456872616504236, "pt_car": 0.007801519313414939}, "dist": {"car": 0.4344842291595059, "walk": 0.037460550526193855, "car_passenger": 0.08680133004488445, "bike": 0.011503776197631007, "pt": 0.36137661099667284, "car_pt": 0.03568868899197356, "pt_car": 0.032684814083141216}}, "res": {"nb": {"car": 0.33009407203957464, "walk": 0.376089836178445, "car_passenger": 0.07013867580694651, "bike": 0.005313536045980796, "pt": 0.20340365661086207, "car_pt": 0.0078094012168745935, "pt_car": 0.0071508221013164095}, "dist": {"car": 0.4292287997128222, "walk": 0.039140204170126605, "car_passenger": 0.08797614019080842, "bike": 0.004890814738116367, "pt": 0.3935126349969647, "car_pt": 0.023811430853710108, "pt_car": 0.021439975337443233}}, "inout": {"nb": {"car": 0.3937855625466691, "walk": 0.22173085049114663, "car_passenger": 0.07076910609577504, "bike": 0.005869448190832315, "pt": 0.28292592571154035, "car_pt": 0.012890790060141585, "pt_car": 0.012028316903895022}, "dist": {"car": 0.4524412901783654, "walk": 0.01292632503658874, "car_passenger": 0.07173098464950978, "bike": 0.0031064352768756785, "pt": 0.3870424575162476, "car_pt": 0.03775552723702378, "pt_car": 0.03499698010539027}}}