{"idf": {"nb": {"car": 0.3228605208651256, "walk": 0.3834799606096613, "car_passenger": 0.07639088490968768, "bike": 0.012775191593303642, "pt": 0.1882350500923026, "car_pt": 0.008456872616504236, "pt_car": 0.007801519313414939}, "dist": {"car": 0.4344842291595059, "walk": 0.037460550526193855, "car_passenger": 0.08680133004488445, "bike": 0.011503776197631007, "pt": 0.36137661099667284, "car_pt": 0.03568868899197356, "pt_car": 0.032684814083141216}}, "res": {"nb": {"car": 0.32350802346439134, "walk": 0.368594560527464, "car_passenger": 0.06952053134241529, "pt": 0.22645076841033596, "car_pt": 0.003975372085131139, "bike": 0.004460173558927619, "pt_car": 0.0034905706113346584}, "dist": {"car": 0.4194427940376086, "walk": 0.03791121237096671, "car_passenger": 0.08822152414692513, "pt": 0.42506674265368516, "car_pt": 0.01423131908882783, "bike": 0.0036147049971249905, "pt_car": 0.011511702704862065}}, "inout": {"nb": {"car": 0.4252196582021821, "bike": 0.006227672105822149, "car_passenger": 0.061938785362556724, "walk": 0.21806507675967945, "pt": 0.2722313411219465, "car_pt": 0.008400115863667085, "pt_car": 0.007917350584145989}, "dist": {"car": 0.4837152146138432, "bike": 0.004265589396966713, "car_passenger": 0.06477744624590699, "walk": 0.015634436300767607, "pt": 0.38064081256996635, "car_pt": 0.026336471732351548, "pt_car": 0.0246300291401959}}}