{"idf": {"nb": {"car": 0.3228605208651256, "walk": 0.3834799606096613, "car_passenger": 0.07639088490968768, "bike": 0.012775191593303642, "pt": 0.1882350500923026, "car_pt": 0.008456872616504236, "pt_car": 0.007801519313414939}, "dist": {"car": 0.4344842291595059, "walk": 0.037460550526193855, "car_passenger": 0.08680133004488445, "bike": 0.011503776197631007, "pt": 0.36137661099667284, "car_pt": 0.03568868899197356, "pt_car": 0.032684814083141216}}, "res": {"nb": {"car": 0.31949358307318765, "car_passenger": 0.06991559717886461, "bike": 0.005254942767950052, "walk": 0.383726442363279, "pt": 0.20859636952248814, "car_pt": 0.006775349751416348, "pt_car": 0.0062377153428141985}, "dist": {"car": 0.4181077104817475, "car_passenger": 0.0895259781367489, "bike": 0.005197405440399725, "walk": 0.04112562867797084, "pt": 0.4070634401168273, "car_pt": 0.020469684013600557, "pt_car": 0.01851015313270932}}, "inout": {"nb": {"car": 0.40181667792288606, "car_passenger": 0.06820510096449359, "walk": 0.2130384962702707, "bike": 0.005676169951206186, "pt": 0.28389955911032866, "car_pt": 0.014160071028009015, "pt_car": 0.013203924752805834}, "dist": {"car": 0.4514385820078675, "car_passenger": 0.06809126939944506, "walk": 0.011793139196248706, "bike": 0.0033694023815992696, "pt": 0.3875423504080476, "car_pt": 0.04032714671315109, "pt_car": 0.037438109893642706}}}