{"idf": {"nb": {"car": 0.3228605208651256, "walk": 0.3834799606096613, "car_passenger": 0.07639088490968768, "bike": 0.012775191593303642, "pt": 0.1882350500923026, "car_pt": 0.008456872616504236, "pt_car": 0.007801519313414939}, "dist": {"car": 0.4344842291595059, "walk": 0.037460550526193855, "car_passenger": 0.08680133004488445, "bike": 0.011503776197631007, "pt": 0.36137661099667284, "car_pt": 0.03568868899197356, "pt_car": 0.032684814083141216}}, "res": {"nb": {"car": 0.391494684177611, "car_passenger": 0.07744423598082134, "walk": 0.342714196372733, "pt": 0.15707734000416929, "car_pt": 0.012507817385866166, "bike": 0.007608922243068585, "pt_car": 0.011152803835730665}, "dist": {"car": 0.4584853109708321, "car_passenger": 0.07297074584573522, "walk": 0.030555561867376794, "pt": 0.34985610497598013, "car_pt": 0.04258225626937282, "bike": 0.00707382823587503, "pt_car": 0.03847619183482637}}, "inout": {"nb": {"car": 0.5101371245898881, "car_passenger": 0.0988474804408177, "walk": 0.22554050643560192, "pt": 0.1484815344493985, "car_pt": 0.005131656431395642, "bike": 0.007150668797846387, "pt_car": 0.004711028855051737}, "dist": {"car": 0.5618998088223235, "car_passenger": 0.10435488063776845, "walk": 0.02319407084705671, "pt": 0.2726093299115782, "car_pt": 0.0164626018738632, "bike": 0.00699366950514181, "pt_car": 0.014485638402268816}}}