{"idf": {"nb": {"car": 0.3228605208651256, "walk": 0.3834799606096613, "car_passenger": 0.07639088490968768, "bike": 0.012775191593303642, "pt": 0.1882350500923026, "car_pt": 0.008456872616504236, "pt_car": 0.007801519313414939}, "dist": {"car": 0.4344842291595059, "walk": 0.037460550526193855, "car_passenger": 0.08680133004488445, "bike": 0.011503776197631007, "pt": 0.36137661099667284, "car_pt": 0.03568868899197356, "pt_car": 0.032684814083141216}}, "res": {"nb": {"car": 0.2770401554404145, "car_passenger": 0.07901554404145078, "walk": 0.43620466321243523, "pt": 0.19219559585492227, "car_pt": 0.0048575129533678756, "bike": 0.005829015544041451, "pt_car": 0.0048575129533678756}, "dist": {"car": 0.3866228233859713, "car_passenger": 0.09966059306639174, "walk": 0.05017474835572008, "pt": 0.41957798443380956, "car_pt": 0.019200891613248675, "bike": 0.004821424048227938, "pt_car": 0.019941535096629}}, "inout": {"nb": {"car": 0.4551384451544196, "walk": 0.25212992545260915, "bike": 0.005591054313099041, "car_passenger": 0.08998935037273695, "pt": 0.18596911608093716, "car_pt": 0.005857294994675187, "pt_car": 0.005324813631522897}, "dist": {"car": 0.5409487490871893, "walk": 0.02512809660696908, "bike": 0.0025719012592837244, "car_passenger": 0.10614649380543235, "pt": 0.28725528712473875, "car_pt": 0.019448948308910224, "pt_car": 0.018500523807480247}}}