{"idf": {"nb": {"car": 0.3228605208651256, "walk": 0.3834799606096613, "car_passenger": 0.07639088490968768, "bike": 0.012775191593303642, "pt": 0.1882350500923026, "car_pt": 0.008456872616504236, "pt_car": 0.007801519313414939}, "dist": {"car": 0.4344842291595059, "walk": 0.037460550526193855, "car_passenger": 0.08680133004488445, "bike": 0.011503776197631007, "pt": 0.36137661099667284, "car_pt": 0.03568868899197356, "pt_car": 0.032684814083141216}}, "res": {"nb": {"walk": 0.3954713804713805, "car": 0.3332828282828283, "car_passenger": 0.07784511784511784, "car_pt": 0.008249158249158249, "pt": 0.1714983164983165, "bike": 0.0059764309764309765, "pt_car": 0.007676767676767677}, "dist": {"walk": 0.03681584462762247, "car": 0.4236957640206528, "car_passenger": 0.08596037845583807, "car_pt": 0.032787696806028103, "pt": 0.3858952124154968, "bike": 0.004506790805534763, "pt_car": 0.03033831286881715}}, "inout": {"nb": {"car": 0.4420062112956316, "bike": 0.0058951518420024916, "walk": 0.24590407825488628, "car_passenger": 0.08822271400145054, "pt": 0.20657207148568985, "car_pt": 0.005988135309541964, "pt_car": 0.0054116378107972405}, "dist": {"car": 0.5127720583777425, "bike": 0.0035370491473474923, "walk": 0.02086026562110137, "car_passenger": 0.09401662576660541, "pt": 0.3322900664937937, "car_pt": 0.019270283194243776, "pt_car": 0.017253651399165442}}}