{"idf": {"nb": {"car": 0.3166731667072002, "walk": 0.38393121472790115, "car_passenger": 0.07609353599105881, "bike": 0.012937608908301474, "pt": 0.19444043459091584, "car_pt": 0.008101970221821835, "pt_car": 0.007822068852800752}, "dist": {"car": 0.42415262933351117, "walk": 0.03802990525781016, "car_passenger": 0.08592056148172257, "bike": 0.011837372172942087, "pt": 0.3732876623000618, "car_pt": 0.03418379019711215, "pt_car": 0.03258807925683437}}, "res": {"nb": {"walk": 0.4871441689623508, "car": 0.08631772268135904, "pt": 0.34584481175390264, "car_passenger": 0.06990358126721763, "bike": 0.009412304866850322, "car_pt": 0.0006887052341597796, "pt_car": 0.0006887052341597796}, "dist": {"walk": 0.05584330920720435, "car": 0.13523304704501884, "pt": 0.7024158873302527, "car_passenger": 0.0910616050475317, "bike": 0.009978959345141288, "car_pt": 0.0027864798480950245, "pt_car": 0.002680712176758297}}, "inout": {"nb": {"walk": 0.28764162682559435, "car": 0.24245202698277557, "car_pt": 0.019909620800314363, "pt": 0.3469120440107407, "car_passenger": 0.07688781190647717, "bike": 0.007073154758006418, "pt_car": 0.019123714716091426}, "dist": {"walk": 0.02671791619304545, "car": 0.2698855310376179, "car_pt": 0.05895387295148847, "pt": 0.49845126308389576, "car_passenger": 0.08579127665672744, "bike": 0.00408073154662044, "pt_car": 0.05611940853060143}}}