{"idf": {"nb": {"car": 0.3183426429994556, "walk": 0.38344785551567756, "bike": 0.012925752742637912, "car_passenger": 0.07607625333183975, "pt": 0.1931324845631077, "car_pt": 0.00818083139826962, "pt_car": 0.007894179449011907}, "dist": {"car": 0.4258254423389964, "walk": 0.037966464968103505, "bike": 0.01184507718092953, "car_passenger": 0.08594455308907104, "pt": 0.3716592330972583, "car_pt": 0.03416447151818496, "pt_car": 0.03259475780744212}}, "res": {"nb": {"walk": 0.5236195674994751, "car": 0.08272097417593953, "car_passenger": 0.06697459584295612, "pt": 0.30841906361536847, "bike": 0.017006088599622087, "car_pt": 0.0006298551333193366, "pt_car": 0.0006298551333193366}, "dist": {"walk": 0.06421988999746998, "car": 0.15182687114784893, "car_passenger": 0.09435384148278689, "pt": 0.6653580147270313, "bike": 0.015624706676328277, "car_pt": 0.004261189489683616, "pt_car": 0.004355486478850011}}, "inout": {"nb": {"car": 0.2781456953642384, "walk": 0.3164091243561442, "pt": 0.25, "car_passenger": 0.1065121412803532, "car_pt": 0.021339220014716703, "bike": 0.006622516556291391, "pt_car": 0.02097130242825607}, "dist": {"car": 0.33361572403084017, "walk": 0.040274019582387625, "pt": 0.4162686159093646, "car_passenger": 0.10758737475397924, "car_pt": 0.05121627877368367, "bike": 0.0040647038197639054, "pt_car": 0.04697328312997926}}}