{"idf": {"nb": {"car": 0.3165156403614844, "walk": 0.3840049954415617, "car_passenger": 0.07608554693674414, "bike": 0.012939798763177997, "pt": 0.19436026000960135, "car_pt": 0.008191486706634766, "pt_car": 0.007902271780795639}, "dist": {"car": 0.4238959242302238, "walk": 0.038023768139613584, "car_passenger": 0.08581079692890527, "bike": 0.011826812736875053, "pt": 0.37320552952062347, "car_pt": 0.03443558765908119, "pt_car": 0.03280158078469073}}, "res": {"nb": {"car": 0.08023986293546545, "walk": 0.5037121644774415, "pt": 0.3279078621739958, "bike": 0.010184656386826575, "car_pt": 0.0010470207500475918, "car_passenger": 0.07586141252617552, "pt_car": 0.0010470207500475918}, "dist": {"car": 0.14604259207298373, "walk": 0.060779634653801665, "pt": 0.6887014734871035, "bike": 0.008815147424872239, "car_pt": 0.0036954186510788564, "car_passenger": 0.0883083245370683, "pt_car": 0.0036574091730893978}}, "inout": {"nb": {"car": 0.26197651460043647, "car_passenger": 0.09155149121895459, "walk": 0.2945027538189754, "car_pt": 0.019640444767743948, "pt": 0.3018809103190273, "bike": 0.011742699781772836, "pt_car": 0.018705185493089475}, "dist": {"car": 0.29949006972142184, "car_passenger": 0.09454836349924427, "walk": 0.030959132055012863, "car_pt": 0.051075126971051085, "pt": 0.4661383246886479, "bike": 0.011340762244306257, "pt_car": 0.04644822082031499}}}