{"idf": {"nb": {"car": 0.3057040928412969, "walk": 0.38785364220386476, "car_passenger": 0.0761149433839611, "bike": 0.013266049369420878, "pt": 0.20086162503597854, "car_pt": 0.008250590831393265, "pt_car": 0.007949056334084558}, "dist": {"car": 0.41155745208994177, "walk": 0.03851971127510014, "car_passenger": 0.08547820214278297, "bike": 0.0121296426307746, "pt": 0.3852614473507707, "car_pt": 0.03437908821707235, "pt_car": 0.03267445629354793}}, "res": {"nb": {"walk": 0.5067846706747724, "car": 0.062204010344943404, "car_passenger": 0.07783898162764921, "bike": 0.01456017196789037, "pt": 0.33688241023746346, "car_pt": 0.0008900681825815336, "pt_car": 0.00083968696469956}, "dist": {"walk": 0.05478800627066649, "car": 0.11821153784884526, "car_passenger": 0.07806908110092424, "bike": 0.013792421387532103, "pt": 0.7303225838719842, "car_pt": 0.002487162155049551, "pt_car": 0.002329207364998629}}, "inout": {"nb": {"car": 0.2396712654791566, "walk": 0.2950057640102637, "bike": 0.009966159681677885, "car_passenger": 0.08865419657134357, "car_pt": 0.01959763489643375, "pt": 0.32828827488750884, "pt_car": 0.01881670447361571}, "dist": {"car": 0.26839761964367675, "walk": 0.02808295233799128, "bike": 0.006631136184559148, "car_passenger": 0.08772198532935414, "car_pt": 0.05309931633810828, "pt": 0.5063009479476559, "pt_car": 0.049766042218664854}}}