{"idf": {"nb": {"car": 0.29674894497306664, "walk": 0.3898165964784604, "bike": 0.01332637246552338, "car_passenger": 0.0761583257872237, "pt": 0.20688518632973063, "car_pt": 0.008709573625624483, "pt_car": 0.008355000340370764}, "dist": {"car": 0.3965408989037917, "walk": 0.03894225385725839, "bike": 0.012314853339098741, "car_passenger": 0.08497451548848942, "pt": 0.39615578941263385, "car_pt": 0.036495074414411695, "pt_car": 0.03457661458434788}}, "res": {"nb": {"walk": 0.4982161882141356, "bike": 0.010859259693673089, "car": 0.03512887429258423, "car_passenger": 0.06769687906244808, "pt": 0.3875807602459217, "car_pt": 0.00026390640119637566, "pt_car": 0.00025413209004095436}, "dist": {"walk": 0.0638339981087504, "bike": 0.011870348868095303, "car": 0.08215166900108824, "car_passenger": 0.07762523758901811, "pt": 0.7632646623783756, "car_pt": 0.0007194168748970266, "pt_car": 0.000534667179773001}}, "inout": {"nb": {"car": 0.19006417419622618, "car_passenger": 0.07010206144971957, "bike": 0.008684269340059385, "walk": 0.24324468141715355, "pt": 0.4183135915200664, "car_pt": 0.035567191341272626, "pt_car": 0.034024030735502274}, "dist": {"car": 0.1871756251227786, "car_passenger": 0.06443390269348366, "bike": 0.006327841751636837, "walk": 0.015947809802946324, "pt": 0.5596143142020403, "car_pt": 0.08585740572873739, "pt_car": 0.08064310069836654}}}