{"idf": {"nb": {"car": 0.26296798137661787, "walk": 0.40083720870928524, "bike": 0.013973421369713072, "car_passenger": 0.07625209829355954, "pt": 0.22816291241920067, "car_pt": 0.009095425217381497, "pt_car": 0.008710952614242061}, "dist": {"car": 0.35071276316327843, "walk": 0.040561836210227006, "bike": 0.01327603453602228, "car_passenger": 0.08394906490270423, "pt": 0.43583093666479994, "car_pt": 0.03887736841051237, "pt_car": 0.03679199611244162}}, "res": {"nb": {"walk": 0.48611763302848027, "bike": 0.011247512354374902, "car_passenger": 0.0701907381319738, "car": 0.03557612754634288, "pt": 0.3962679725408645, "car_pt": 0.0003055984138696958, "pt_car": 0.00029441798409397525}, "dist": {"walk": 0.059514793840375564, "bike": 0.012187812896900529, "car_passenger": 0.07805476538005629, "car": 0.09123243449145704, "pt": 0.7576333612549506, "car_pt": 0.0007489557314489633, "pt_car": 0.0006278764047972071}}, "inout": {"nb": {"car": 0.15814466504121677, "walk": 0.259508881922675, "car_passenger": 0.07168814582607685, "bike": 0.010507372576338093, "pt": 0.42839893184720773, "car_pt": 0.036590038314176246, "pt_car": 0.0351619644723093}, "dist": {"car": 0.14993682086669186, "walk": 0.01726019711373183, "car_passenger": 0.0669051950857272, "bike": 0.008715644301043827, "pt": 0.5811254911338273, "car_pt": 0.090636365093689, "pt_car": 0.08542028640528684}}}