{"idf": {"nb": {"car": 0.3177604477538919, "walk": 0.3836363369504594, "bike": 0.012938482764019217, "car_passenger": 0.07609321030538459, "pt": 0.19350336108963884, "car_pt": 0.00818256538713686, "pt_car": 0.007885595749469173}, "dist": {"car": 0.4249101942355969, "walk": 0.03800165955569023, "bike": 0.011852226469388456, "car_passenger": 0.08604822543459636, "pt": 0.3726151958180618, "car_pt": 0.034073653561936666, "pt_car": 0.03249884492476149}}, "res": {"nb": {"car_passenger": 0.07336037863421231, "car": 0.11274509803921569, "walk": 0.4614604462474645, "pt": 0.3333333333333333, "bike": 0.015382014874915483, "car_pt": 0.0018593644354293441, "pt_car": 0.0018593644354293441}, "dist": {"car_passenger": 0.07931458506452758, "car": 0.17241809284558626, "walk": 0.05118952387174729, "pt": 0.6794661927635894, "bike": 0.010449019950143693, "car_pt": 0.003591576838043953, "pt_car": 0.003571008666361808}}, "inout": {"nb": {"car": 0.28134026574234544, "pt": 0.3191796649335644, "walk": 0.25086655112651646, "car_passenger": 0.10080878105141537, "car_pt": 0.019786250722125937, "bike": 0.008809936452917388, "pt_car": 0.01920854997111496}, "dist": {"car": 0.2758112565693284, "pt": 0.4858278527771738, "walk": 0.02625419908613791, "car_passenger": 0.11192378010096654, "car_pt": 0.04901345630588228, "bike": 0.006004304095946588, "pt_car": 0.04516515106456322}}}