{"idf": {"nb": {"car": 0.3178625320731748, "walk": 0.3836343139423143, "bike": 0.012939850197968063, "car_passenger": 0.0760963594622471, "pt": 0.1933863205340734, "car_pt": 0.008195173219608526, "pt_car": 0.007885450570613827}, "dist": {"car": 0.42525562694626823, "walk": 0.03799580096662447, "bike": 0.01186128285013639, "car_passenger": 0.08601306986796259, "pt": 0.37219996662766497, "car_pt": 0.03417461629776828, "pt_car": 0.032499636443610265}}, "res": {"nb": {"car_passenger": 0.07824826919980679, "walk": 0.5198840766382226, "car": 0.06649492835292223, "pt": 0.31911125422637254, "bike": 0.014007406214780228, "car_pt": 0.0011270326839478344, "pt_car": 0.0011270326839478344}, "dist": {"car_passenger": 0.09456196088685889, "walk": 0.0661723326577128, "car": 0.12342584385386789, "pt": 0.6896719108808405, "bike": 0.019004091625125622, "car_pt": 0.003587791470998616, "pt_car": 0.00357606862459339}}, "inout": {"nb": {"car": 0.2618002925142933, "walk": 0.3011567610690068, "car_passenger": 0.09041350884190932, "pt": 0.29743385188139876, "car_pt": 0.019678234277356734, "bike": 0.010636883393165802, "pt_car": 0.018880468022869298}, "dist": {"car": 0.30037450072322713, "walk": 0.03471097959388778, "car_passenger": 0.10232112822509089, "pt": 0.4663989601574071, "car_pt": 0.04919944584155205, "bike": 0.0058229358362599, "pt_car": 0.041172049622575965}}}