{"idf": {"nb": {"car": 0.2836624696396751, "walk": 0.3945548426555948, "bike": 0.013540361834302708, "car_passenger": 0.0762061306782874, "pt": 0.2149525702624661, "car_pt": 0.008715545074423228, "pt_car": 0.008368079855250597}, "dist": {"car": 0.3814713416049493, "walk": 0.039631351177368636, "bike": 0.012527225551937296, "car_passenger": 0.08494406719083883, "pt": 0.41037806717530906, "car_pt": 0.036460046649678814, "pt_car": 0.034587900649958425}}, "res": {"nb": {"walk": 0.4735858826163621, "car": 0.04621595902488175, "car_passenger": 0.07208430126787764, "bike": 0.01127235578941476, "car_pt": 0.0005317809062666181, "pt": 0.3957849366061183, "pt_car": 0.0005247837890788995}, "dist": {"walk": 0.056560396775709856, "car": 0.09243356068398517, "car_passenger": 0.08063210108006359, "bike": 0.011095502250464274, "car_pt": 0.0010956859451576508, "pt": 0.7571723368632806, "pt_car": 0.0010104164013435288}}, "inout": {"nb": {"car": 0.18046047545804478, "car_passenger": 0.07721610787462443, "walk": 0.2873389172690251, "bike": 0.009914009515536464, "pt": 0.3908143992221806, "car_pt": 0.02765402975796747, "pt_car": 0.026602060902621155}, "dist": {"car": 0.1908726817793922, "car_passenger": 0.07569756582339218, "walk": 0.02363151283126021, "bike": 0.007487870875959978, "pt": 0.5594203636586538, "car_pt": 0.0737135577502481, "pt_car": 0.06917644728109126}}}