{"idf": {"nb": {"car": 0.3126932727029819, "walk": 0.3853899906088858, "car_passenger": 0.07609983454217217, "bike": 0.01301249228622002, "pt": 0.19682923881079817, "car_pt": 0.008132440647326223, "pt_car": 0.007842730401615722}, "dist": {"car": 0.41991285305359, "walk": 0.038174925824284174, "car_passenger": 0.08574129751946606, "bike": 0.011868961141916217, "pt": 0.3778101315123361, "car_pt": 0.034109998490140396, "pt_car": 0.03238183245829395}}, "res": {"nb": {"car": 0.09397018178987115, "walk": 0.4755732025380513, "bike": 0.013741290046323329, "car_passenger": 0.07894429522363658, "pt": 0.33594145354042587, "car_pt": 0.0009342520144809063, "pt_car": 0.0008953248472108685}, "dist": {"car": 0.1588030377454207, "walk": 0.04921308209519332, "bike": 0.010462349310023836, "car_passenger": 0.07323371792580871, "pt": 0.7037938937041854, "car_pt": 0.00237317184934154, "pt_car": 0.0021207473700269592}}, "inout": {"nb": {"car": 0.2903593027392387, "walk": 0.28096762717893986, "car_passenger": 0.09018143009605123, "bike": 0.007470651013874066, "pt": 0.29665599430807543, "car_pt": 0.017609391675560297, "pt_car": 0.016755602988260405}, "dist": {"car": 0.3252988849604725, "walk": 0.02745452488927473, "car_passenger": 0.091875650559377, "bike": 0.005015162987767938, "pt": 0.4703145803599095, "car_pt": 0.04296648609782271, "pt_car": 0.03707471014537918}}}