{"idf": {"nb": {"car": 0.31781809141480705, "walk": 0.3835453934608908, "car_passenger": 0.07609058969827741, "bike": 0.012919852380898782, "pt": 0.19363775572376377, "car_pt": 0.008134123728140858, "pt_car": 0.007854193593221384}, "dist": {"car": 0.42506830793170647, "walk": 0.037961228933920996, "car_passenger": 0.08606148999975281, "bike": 0.011820568167698376, "pt": 0.3719689054642087, "car_pt": 0.03440757252370093, "pt_car": 0.0327119269790241}}, "res": {"nb": {"car": 0.09683995922528033, "walk": 0.45891946992864424, "pt": 0.36269113149847093, "car_passenger": 0.07584097859327217, "car_pt": 0.00040774719673802244, "bike": 0.0050968399592252805, "pt_car": 0.00020387359836901122}, "dist": {"car": 0.18373114341532373, "walk": 0.05102942013669114, "pt": 0.6445530081412377, "car_passenger": 0.11172948758258648, "car_pt": 0.0015963027738322595, "bike": 0.006611473961680575, "pt_car": 0.0007491639886486357}}, "inout": {"nb": {"car": 0.2566255575964314, "car_passenger": 0.06796116504854369, "pt": 0.3601416950931514, "walk": 0.27906061401207033, "car_pt": 0.016137496720020992, "bike": 0.004198373130411965, "pt_car": 0.015875098399370242}, "dist": {"car": 0.3125197101882544, "car_passenger": 0.07934496242666218, "pt": 0.4864439533791437, "walk": 0.02517749848482525, "car_pt": 0.04951559725898773, "bike": 0.0019057225029000292, "pt_car": 0.04509255575922671}}}