{"idf": {"nb": {"car": 0.27040465358238863, "walk": 0.39953675987854165, "car_passenger": 0.076230162874403, "bike": 0.014128627582497486, "pt": 0.22295441095498167, "car_pt": 0.008552389329591325, "pt_car": 0.00819299579759623}, "dist": {"car": 0.3635816778432257, "walk": 0.04017489172806472, "car_passenger": 0.08402893165349079, "bike": 0.013103429690330098, "pt": 0.42914590787050944, "car_pt": 0.036058209772488435, "pt_car": 0.03390695144194107}}, "res": {"nb": {"walk": 0.5093918933909172, "car_passenger": 0.07223253440612913, "car": 0.038292302345015274, "bike": 0.013865984336984093, "pt": 0.3655776014435414, "car_pt": 0.00032169083661803095, "pt_car": 0.0003179932407948352}, "dist": {"walk": 0.05734166754941257, "car_passenger": 0.0746596573338052, "car": 0.09830439485481184, "bike": 0.012839464323492727, "pt": 0.755148309025341, "car_pt": 0.0008800717701946089, "pt_car": 0.0008264351429562986}}, "inout": {"nb": {"car": 0.17126824128938736, "walk": 0.2744057804245653, "car_passenger": 0.07487801779856684, "bike": 0.010707534128864014, "car_pt": 0.0312633096965576, "pt": 0.4078203106903483, "pt_car": 0.029656805971710592}, "dist": {"car": 0.17625762070347342, "walk": 0.01922035976140189, "car_passenger": 0.07300117864845747, "bike": 0.008476887421146516, "car_pt": 0.08348000544203067, "pt": 0.5642548588961528, "pt_car": 0.07530908912735317}}}