{"idf": {"nb": {"car": 0.3142959358760903, "walk": 0.38399515683988694, "car_passenger": 0.07609869162244885, "bike": 0.01305392175575321, "pt": 0.1963765371013667, "car_pt": 0.008239147180973468, "pt_car": 0.007940609623480517}, "dist": {"car": 0.4197514759028706, "walk": 0.038074735675368475, "car_passenger": 0.08586066130951125, "bike": 0.011976200604955555, "pt": 0.37644072007220564, "car_pt": 0.03480862528494195, "pt_car": 0.03308758115016066}}, "res": {"nb": {"walk": 0.48336269571474655, "car_passenger": 0.0491302945336344, "bike": 0.029081164239100767, "car": 0.02501178630803206, "pt": 0.4133892459244187, "car_pt": 2.481328006749212e-05}, "dist": {"walk": 0.06184612781375061, "car_passenger": 0.06892051146270335, "bike": 0.020384874030466304, "car": 0.04654558298883934, "pt": 0.802262604863105, "car_pt": 4.029884113383309e-05}}, "inout": {"nb": {"car": 0.14484421764313243, "car_passenger": 0.0611071636199212, "walk": 0.28021445643046317, "pt": 0.4392050470469177, "car_pt": 0.03109187606313115, "bike": 0.013457356329263828, "pt_car": 0.03007988286717051}, "dist": {"car": 0.1383546441536284, "car_passenger": 0.0623571124141262, "walk": 0.020360276107427994, "pt": 0.5824307924184122, "car_pt": 0.09520182016117568, "bike": 0.011963387310548572, "pt_car": 0.08933196743468412}}}