{"idf": {"nb": {"car": 0.3068379352798494, "walk": 0.3868014166864516, "bike": 0.013160889859236977, "car_passenger": 0.07613833008206893, "pt": 0.20027902946698029, "car_pt": 0.008549071247971529, "pt_car": 0.008233327377441202}, "dist": {"car": 0.40963665312723835, "walk": 0.03850314812682175, "bike": 0.012106531105439073, "car_passenger": 0.08540940462829665, "pt": 0.3847091760399025, "car_pt": 0.03565775958672018, "pt_car": 0.033977327385611975}}, "res": {"nb": {"car": 0.04633918454167744, "walk": 0.4894141502494881, "car_passenger": 0.06912112597658192, "bike": 0.012782537820805916, "pt": 0.3811899886686679, "car_pt": 0.0005765063713893804, "pt_car": 0.0005765063713893804}, "dist": {"car": 0.09139012265220102, "walk": 0.06147497228161766, "car_passenger": 0.08119404800469274, "bike": 0.01277574693454299, "pt": 0.7503628163861241, "car_pt": 0.0014137274391909406, "pt_car": 0.0013885663016313607}}, "inout": {"nb": {"car": 0.2052786366035744, "car_passenger": 0.068788175854008, "walk": 0.24702511122841414, "bike": 0.007857627629892165, "car_pt": 0.03452228338737652, "pt": 0.40318226378101196, "pt_car": 0.033345901515722795}, "dist": {"car": 0.19314655638452932, "car_passenger": 0.06060394506842129, "walk": 0.01614737886460291, "bike": 0.005895027075411966, "car_pt": 0.08442619777922936, "pt": 0.558849712280309, "pt_car": 0.0809311825474965}}}