{"idf": {"nb": {"car": 0.31843736697117525, "walk": 0.3832433834214891, "car_passenger": 0.0760819677746082, "bike": 0.012932725947165232, "pt": 0.19332935368174856, "car_pt": 0.008130232467106712, "pt_car": 0.007844969736706904}, "dist": {"car": 0.4254489782955255, "walk": 0.03795682663444706, "car_passenger": 0.08598821229356324, "bike": 0.011840975152398209, "pt": 0.3717144266770607, "car_pt": 0.03436830769976297, "pt_car": 0.032682273247227646}}, "res": {"nb": {"walk": 0.5122116689280869, "pt": 0.3995929443690638, "car_passenger": 0.03765264586160109, "car": 0.030189959294436908, "bike": 0.020013568521031207, "car_pt": 0.00033921302578018993}, "dist": {"walk": 0.06975938971351399, "pt": 0.8090477746520837, "car_passenger": 0.049789837782728406, "car": 0.057824709739223615, "bike": 0.012182998919795613, "car_pt": 0.001395289192655187}}, "inout": {"nb": {"car": 0.11853881278538812, "car_passenger": 0.04767123287671233, "bike": 0.017534246575342465, "walk": 0.33123287671232876, "pt": 0.42712328767123287, "car_pt": 0.029315068493150687, "pt_car": 0.02858447488584475}, "dist": {"car": 0.15312351767380242, "car_passenger": 0.05501211766023212, "bike": 0.012547672111598147, "walk": 0.027651542035055935, "pt": 0.5581254707780222, "car_pt": 0.09856261261714272, "pt_car": 0.0949770671241445}}}