{"idf": {"nb": {"car": 0.3164321711561959, "walk": 0.38414969218641354, "car_passenger": 0.07608801496569546, "bike": 0.012967268168488364, "pt": 0.1945080438655769, "car_pt": 0.008068576786045457, "pt_car": 0.007786232871584409}, "dist": {"car": 0.42393353108311305, "walk": 0.03806072043484408, "car_passenger": 0.08594263261886786, "bike": 0.011843274141128438, "pt": 0.37386862750470734, "car_pt": 0.034021837206139514, "pt_car": 0.032329377011253456}}, "res": {"nb": {"car": 0.10726038667215138, "bike": 0.01707116412998766, "walk": 0.46102426984779926, "car_passenger": 0.07661456190867956, "pt": 0.3361785273549979, "car_pt": 0.000925545043192102, "pt_car": 0.000925545043192102}, "dist": {"car": 0.14885258912729196, "bike": 0.013292314019558193, "walk": 0.04803219237982041, "car_passenger": 0.06678176482313092, "pt": 0.7188175456733362, "car_pt": 0.002199367555270294, "pt_car": 0.0020242264215901964}}, "inout": {"nb": {"car": 0.31015369110607205, "car_passenger": 0.09926933736457547, "bike": 0.01192575795750399, "pt": 0.25321239606953894, "walk": 0.2910892752162593, "car_pt": 0.017552700092382634, "pt_car": 0.01679684219366759}, "dist": {"car": 0.3450394873453995, "car_passenger": 0.09860358335741205, "bike": 0.010215218844983326, "pt": 0.4314957281400767, "walk": 0.033755825728098564, "car_pt": 0.043423452551591045, "pt_car": 0.03746670403244083}}}