{"idf": {"nb": {"car": 0.31738046972973, "walk": 0.3837846803775961, "car_passenger": 0.07609120591299123, "bike": 0.012924148546975175, "pt": 0.1939233896556904, "car_pt": 0.00809141532979967, "pt_car": 0.007804690447217423}, "dist": {"car": 0.42504259322070387, "walk": 0.03801572016156135, "car_passenger": 0.08593677785364037, "bike": 0.011822900264774736, "pt": 0.3724160030992571, "car_pt": 0.03419321208515683, "pt_car": 0.03257279331492793}}, "res": {"nb": {"car_passenger": 0.06731632260546223, "walk": 0.4714707013719708, "car": 0.06975253237594563, "bike": 0.009873060648801129, "pt": 0.38056161046287984, "car_pt": 0.0005128862674701885, "pt_car": 0.0005128862674701885}, "dist": {"car_passenger": 0.07791719353141197, "walk": 0.05001360335866453, "car": 0.10414128584385896, "bike": 0.00818682460934856, "pt": 0.756453357733661, "car_pt": 0.0016225450901643636, "pt_car": 0.0016651898328879271}}, "inout": {"nb": {"car": 0.2694834471209584, "car_passenger": 0.07690325904933659, "car_pt": 0.018807162179569754, "pt": 0.30748422001803427, "walk": 0.3023315728455494, "bike": 0.006956073682854566, "pt_car": 0.018034265103697024}, "dist": {"car": 0.28591700528207487, "car_passenger": 0.08998986172519867, "car_pt": 0.05170219963967681, "pt": 0.4873682072282924, "walk": 0.03056286870198293, "bike": 0.006381574429704015, "pt_car": 0.048078282993070556}}}