{"idf": {"nb": {"car": 0.31432282274273027, "walk": 0.38462027834558643, "bike": 0.012942937637727919, "car_passenger": 0.07611120708259785, "pt": 0.19572180318298, "car_pt": 0.008292915199974944, "pt_car": 0.007988035808402632}, "dist": {"car": 0.4204141859300571, "walk": 0.03811679705631258, "bike": 0.011870000182079938, "car_passenger": 0.08606880243936293, "pt": 0.3761127584894149, "car_pt": 0.03448370194284819, "pt_car": 0.03293375395994626}}, "res": {"nb": {"car": 0.04615310497663439, "walk": 0.47039552921905864, "car_passenger": 0.06937418702124584, "bike": 0.008334537746302452, "pt": 0.40545358192417014, "car_pt": 0.00014452955629426219, "pt_car": 0.00014452955629426219}, "dist": {"car": 0.083730873809903, "walk": 0.0569032106881837, "car_passenger": 0.08399499829839711, "bike": 0.008243372107516645, "pt": 0.7661592573550858, "car_pt": 0.0004695454975012412, "pt_car": 0.0004987422434088911}}, "inout": {"nb": {"car": 0.17341834232466896, "bike": 0.007356547327121138, "car_passenger": 0.06257969592937715, "walk": 0.26081412457086806, "pt": 0.43776360961255517, "car_pt": 0.029475232957332027, "pt_car": 0.028592447278077488}, "dist": {"car": 0.159651247413792, "bike": 0.00642466829136192, "car_passenger": 0.06282432721048323, "walk": 0.020343350372374263, "pt": 0.6000598435324179, "car_pt": 0.07625056152685813, "pt_car": 0.07444600165270798}}}