{"idf": {"nb": {"car": 0.31457167366348804, "walk": 0.38443647246674534, "bike": 0.012972542349160553, "car_passenger": 0.07610395063093729, "pt": 0.19563924881590686, "car_pt": 0.008294401841504012, "pt_car": 0.007981710232257931}, "dist": {"car": 0.42075460728744, "walk": 0.03810902340560079, "bike": 0.011902849306016082, "car_passenger": 0.08574711875314643, "pt": 0.37593347454171827, "car_pt": 0.03460467693702746, "pt_car": 0.03294824976907193}}, "res": {"nb": {"walk": 0.4850686037126715, "car": 0.047805302042590175, "car_passenger": 0.07133544421680015, "pt": 0.3843670453839945, "bike": 0.010306078102688273, "car_pt": 0.0005587632706276774, "pt_car": 0.0005587632706276774}, "dist": {"walk": 0.06034013377099641, "car": 0.08545694267556357, "car_passenger": 0.0820200499766185, "pt": 0.7562172061321263, "bike": 0.013188907303206293, "car_pt": 0.0013524904090162979, "pt_car": 0.00142426973247486}}, "inout": {"nb": {"car": 0.22551733683991973, "car_passenger": 0.06138833137241331, "walk": 0.265762336493875, "car_pt": 0.028756315315938818, "pt": 0.3851131566198353, "bike": 0.005709737698110596, "pt_car": 0.02775278565990726}, "dist": {"car": 0.22151851272320358, "car_passenger": 0.05666672804854121, "walk": 0.019111720058946655, "car_pt": 0.07754618775653377, "pt": 0.5473046069644898, "bike": 0.0047123827508895036, "pt_car": 0.0731398616973965}}}