{"idf": {"nb": {"car": 0.31851667057994837, "walk": 0.3833856734757768, "bike": 0.012928993503952414, "car_passenger": 0.07607566330124442, "pt": 0.19301723800579165, "car_pt": 0.008191966032715034, "pt_car": 0.007883795100571338}, "dist": {"car": 0.4258373671633086, "walk": 0.037960745105154826, "bike": 0.01185755315115709, "car_passenger": 0.08604161026638847, "pt": 0.37172800302551984, "car_pt": 0.034088685660659, "pt_car": 0.03248603562782186}}, "res": {"nb": {"car": 0.11167697344488905, "car_pt": 0.0010913059294288831, "walk": 0.4532557293561295, "pt": 0.3281193161149509, "bike": 0.01673335758457621, "car_passenger": 0.08839578028373954, "pt_car": 0.0007275372862859222}, "dist": {"car": 0.1796041039682286, "car_pt": 0.002267790324860695, "walk": 0.046338130637733094, "pt": 0.650208533017799, "bike": 0.013462397334415116, "car_passenger": 0.10639690824179772, "pt_car": 0.0017221364751643887}}, "inout": {"nb": {"car": 0.2950124688279302, "walk": 0.2665835411471322, "pt": 0.28952618453865336, "car_pt": 0.0199501246882793, "car_passenger": 0.09800498753117207, "bike": 0.012718204488778055, "pt_car": 0.01820448877805486}, "dist": {"car": 0.29600820697297087, "walk": 0.029714861598980326, "pt": 0.4652495163710571, "car_pt": 0.050444600149863524, "car_passenger": 0.10270091112096928, "bike": 0.012609239119617822, "pt_car": 0.04327266466654229}}}