{"idf": {"nb": {"car": 0.318644157340911, "walk": 0.3834019241295948, "bike": 0.012901559447992882, "car_passenger": 0.07609102413649217, "pt": 0.19289920161389343, "car_pt": 0.008179042768273337, "pt_car": 0.007883090562842393}, "dist": {"car": 0.42631292211603855, "walk": 0.037957497066520025, "bike": 0.011828016393018064, "car_passenger": 0.08603193343041884, "pt": 0.3711721377186932, "car_pt": 0.03411253974453138, "pt_car": 0.0325849535307735}}, "res": {"nb": {"car_passenger": 0.060925449871465295, "car": 0.10077120822622108, "pt": 0.3583547557840617, "walk": 0.4730077120822622, "bike": 0.006940874035989717}, "dist": {"car_passenger": 0.07397922867973959, "car": 0.16531012961237096, "pt": 0.6921400338315519, "walk": 0.06241274284366014, "bike": 0.006157865032678285}}, "inout": {"nb": {"car": 0.24365207995678012, "walk": 0.3479200432198811, "car_passenger": 0.07293354943273905, "pt": 0.3115433099225644, "car_pt": 0.009544390419593013, "bike": 0.005402485143165856, "pt_car": 0.009004141905276427}, "dist": {"car": 0.322350650338272, "walk": 0.0448985712475945, "car_passenger": 0.0801797519134917, "pt": 0.47519566718253003, "car_pt": 0.03985267008207881, "bike": 0.0022158633288529303, "pt_car": 0.03530682590717869}}}