{"idf": {"nb": {"car": 0.31334113029904137, "walk": 0.38516684364800124, "car_passenger": 0.07608207366664546, "bike": 0.013065626636261762, "pt": 0.19619139430299531, "car_pt": 0.008223515191849398, "pt_car": 0.007929416255205454}, "dist": {"car": 0.4204885774276308, "walk": 0.03820792840651017, "car_passenger": 0.08566104966686668, "bike": 0.0119711318654649, "pt": 0.3766985695803727, "car_pt": 0.03436511830914575, "pt_car": 0.03260762474401961}}, "res": {"nb": {"walk": 0.4955845344314802, "bike": 0.015099519560741249, "car_passenger": 0.08103408830931137, "pt": 0.3448181194234729, "car": 0.06108442004118051, "car_pt": 0.0011896591169068863, "pt_car": 0.0011896591169068863}, "dist": {"walk": 0.05501823424575112, "bike": 0.012948753399926089, "car_passenger": 0.07509128232284884, "pt": 0.7371120193484314, "car": 0.11456065634316166, "car_pt": 0.002750891824370416, "pt_car": 0.0025181625155059474}}, "inout": {"nb": {"car": 0.26967779902898337, "walk": 0.2729145211122554, "car_passenger": 0.09567946643126869, "bike": 0.013290177038889706, "car_pt": 0.02353979696925114, "pt": 0.30224118483644746, "pt_car": 0.02265705458290422}, "dist": {"car": 0.28429161828716487, "walk": 0.02856055004114684, "car_passenger": 0.09003149043213018, "bike": 0.01465634904423195, "car_pt": 0.05517735187143531, "pt": 0.47813150757056866, "pt_car": 0.04915113275331952}}}