{"idf": {"nb": {"car": 0.3175058213127323, "walk": 0.38355246129359133, "car_passenger": 0.07607118759672626, "bike": 0.012932879860533139, "pt": 0.19385962208316637, "car_pt": 0.008184821969847092, "pt_car": 0.007893205883403472}, "dist": {"car": 0.42439775874881847, "walk": 0.037942124882308, "car_passenger": 0.08604427873488317, "bike": 0.011820862211710744, "pt": 0.37234084108768895, "car_pt": 0.03459331875273856, "pt_car": 0.032860815581857744}}, "res": {"nb": {"walk": 0.5, "pt": 0.34543097861309136, "car_passenger": 0.06804925469863901, "car": 0.08003888528839923, "car_pt": 0.0003240440699935191, "bike": 0.005832793259883344, "pt_car": 0.0003240440699935191}, "dist": {"walk": 0.053713794433691356, "pt": 0.7192771293158895, "car_passenger": 0.08264898362498639, "car": 0.13373978391008248, "car_pt": 0.0033065915066071896, "bike": 0.0038895117806632003, "pt_car": 0.0034242054280811452}}, "inout": {"nb": {"car_pt": 0.021994983600231527, "car": 0.2942311402662551, "walk": 0.250241173065792, "pt": 0.32143546208759405, "car_passenger": 0.0821917808219178, "bike": 0.010225737989581324, "pt_car": 0.01967972216862821}, "dist": {"car_pt": 0.05743541411275155, "car": 0.3043963877368307, "walk": 0.02075297150259625, "pt": 0.47793359720208406, "car_passenger": 0.08557971044656938, "bike": 0.006563230606513837, "pt_car": 0.047338688392652185}}}