{"idf": {"nb": {"car": 0.2870486505774067, "walk": 0.3931090561271378, "car_passenger": 0.07621249037492103, "bike": 0.01347927673321266, "pt": 0.21301139129015514, "car_pt": 0.008740135366228434, "pt_car": 0.008398999530938226}, "dist": {"car": 0.38555963314124153, "walk": 0.03924562659593573, "car_passenger": 0.0848415269514742, "bike": 0.012365766812126614, "pt": 0.4072180480179181, "car_pt": 0.03638542083337906, "pt_car": 0.03438397764790965}}, "res": {"nb": {"car": 0.0410093344108312, "walk": 0.51408945574646, "bike": 0.011916892121382477, "car_passenger": 0.06821029947413419, "pt": 0.3639131911504632, "car_pt": 0.0004391974983310495, "pt_car": 0.0004216295983978075}, "dist": {"car": 0.09716949537262073, "walk": 0.059960138109431474, "bike": 0.01083197467012505, "car_passenger": 0.07655351228345492, "pt": 0.7530782296601132, "car_pt": 0.0012779063036342368, "pt_car": 0.0011287436006352646}}, "inout": {"nb": {"car": 0.18034440344403443, "walk": 0.2764821648216482, "car_passenger": 0.07652316523165231, "bike": 0.00863468634686347, "pt": 0.40301763017630177, "car_pt": 0.02816728167281673, "pt_car": 0.026830668306683066}, "dist": {"car": 0.19391176705710922, "walk": 0.020754881065353125, "car_passenger": 0.07473860709759242, "bike": 0.006423883122506668, "pt": 0.5588822693653747, "car_pt": 0.07576114291912305, "pt_car": 0.06952744937292706}}}