{"idf": {"nb": {"car": 0.3075748601191496, "walk": 0.38689305417537606, "bike": 0.013052119384573211, "car_passenger": 0.07612014822719686, "pt": 0.19978509993587265, "car_pt": 0.008445719376740862, "pt_car": 0.008128998781090753}, "dist": {"car": 0.41244485959989985, "walk": 0.03846256451425052, "bike": 0.011964593013776982, "car_passenger": 0.08568764841468703, "pt": 0.3830011685809568, "car_pt": 0.03506620232332197, "pt_car": 0.03337296355317727}}, "res": {"nb": {"car": 0.06430921052631579, "car_passenger": 0.06990131578947369, "walk": 0.47154605263157895, "bike": 0.010834703947368421, "car_pt": 0.0005962171052631579, "pt": 0.38221628289473686, "pt_car": 0.0005962171052631579}, "dist": {"car": 0.11840547070357778, "car_passenger": 0.08190657440147715, "walk": 0.05543561969876085, "bike": 0.008860784721337158, "car_pt": 0.0013328428224840853, "pt": 0.7327204176814573, "pt_car": 0.0013382899709105617}}, "inout": {"nb": {"car": 0.21210424133811231, "walk": 0.27790845280764637, "bike": 0.008941905615292713, "car_pt": 0.025201612903225805, "car_passenger": 0.07142323775388291, "pt": 0.3800029868578256, "pt_car": 0.02441756272401434}, "dist": {"car": 0.21815291996313874, "walk": 0.023482524010482224, "bike": 0.0059762644430788985, "car_pt": 0.06881455074373517, "car_passenger": 0.07396572294254877, "pt": 0.543766895233335, "pt_car": 0.06584112266368818}}}