{"idf": {"nb": {"car": 0.3181271117034236, "walk": 0.38331312751777674, "car_passenger": 0.07607660792792052, "bike": 0.012950802508456599, "pt": 0.19353893362218355, "car_pt": 0.00813761089959422, "pt_car": 0.007855805820644766}, "dist": {"car": 0.42562167064565976, "walk": 0.03794642904233896, "car_passenger": 0.08586565641924558, "bike": 0.01183965849557453, "pt": 0.37172636635371076, "car_pt": 0.0343202906276789, "pt_car": 0.0326799284158207}}, "res": {"nb": {"walk": 0.5025641025641026, "car_passenger": 0.03791208791208791, "bike": 0.025274725274725275, "pt": 0.4097069597069597, "car": 0.02454212454212454}, "dist": {"walk": 0.07160658599216567, "car_passenger": 0.05954622573214046, "bike": 0.015202361709353992, "pt": 0.809980496431407, "car": 0.04366433013493501}}, "inout": {"nb": {"walk": 0.37717669937240345, "car": 0.11005038451339168, "car_passenger": 0.04684875806594184, "car_pt": 0.019535048174666312, "pt": 0.4049323786793954, "bike": 0.023335985149827633, "pt_car": 0.01812074604437373}, "dist": {"walk": 0.04250524784958646, "car": 0.14507578051918776, "car_passenger": 0.05845449325334892, "car_pt": 0.07912175976877074, "pt": 0.5873414337351285, "bike": 0.013047373461417908, "pt_car": 0.07445391141256154}}}