{"idf": {"nb": {"car": 0.3152197318195165, "walk": 0.38447734168542624, "bike": 0.012952432220808456, "car_passenger": 0.07609670157580503, "pt": 0.19515268669863953, "car_pt": 0.00820250562787511, "pt_car": 0.007898600371929137}, "dist": {"car": 0.4225906654987905, "walk": 0.03813265718258344, "bike": 0.011869374041709266, "car_passenger": 0.08591400232210557, "pt": 0.3748432799113707, "car_pt": 0.03416464278391953, "pt_car": 0.03248537825954577}}, "res": {"nb": {"car": 0.07731061077248413, "walk": 0.458514740639383, "pt": 0.3816395074014181, "car_passenger": 0.07040676701082224, "bike": 0.011257619106854086, "car_pt": 0.0004353775345192188, "pt_car": 0.0004353775345192188}, "dist": {"car": 0.13359141680461498, "walk": 0.05694356897316914, "pt": 0.7158592492005262, "car_passenger": 0.08134233140559824, "bike": 0.00924288788305235, "car_pt": 0.0015347405173286798, "pt_car": 0.0014858052157050493}}, "inout": {"nb": {"car": 0.22265889114266396, "walk": 0.28963826910074375, "bike": 0.007141649763353617, "car_passenger": 0.07167004732927654, "pt": 0.3657031778228533, "car_pt": 0.021974306964164976, "pt_car": 0.021213657876943882}, "dist": {"car": 0.2307825038071056, "walk": 0.026879994581092168, "bike": 0.004232656008617688, "car_passenger": 0.07462365076392974, "pt": 0.5411612774672743, "car_pt": 0.062016172318506674, "pt_car": 0.06030374505347524}}}