{"idf": {"nb": {"car": 0.31838105391186755, "walk": 0.38347912152320973, "bike": 0.012916186182909831, "car_passenger": 0.07607927211419865, "pt": 0.19319874732564005, "car_pt": 0.008123987559364308, "pt_car": 0.007821631382809828}, "dist": {"car": 0.42583562099778405, "walk": 0.03797577029010952, "bike": 0.011845053705448699, "car_passenger": 0.08601107785656856, "pt": 0.3720500893539144, "car_pt": 0.03395894947605895, "pt_car": 0.03232343832015402}}, "res": {"nb": {"car": 0.11340713407134072, "walk": 0.47724477244772445, "pt": 0.3323493234932349, "bike": 0.009102091020910209, "car_pt": 0.0007380073800738007, "car_passenger": 0.06642066420664207, "pt_car": 0.0007380073800738007}, "dist": {"car": 0.15997238624086113, "walk": 0.05319574743995701, "pt": 0.7043316260236063, "bike": 0.009377176742794141, "car_pt": 0.00207513735534298, "car_passenger": 0.06903703432287255, "pt_car": 0.002010891874566521}}, "inout": {"nb": {"car": 0.32127493156042236, "walk": 0.3073914743840438, "pt": 0.24794681267109894, "car_passenger": 0.08427845131012905, "car_pt": 0.017794290183809153, "bike": 0.005084082909659757, "pt_car": 0.01622995698083692}, "dist": {"car": 0.3453652097137583, "walk": 0.03307543674316045, "pt": 0.4249478329192411, "car_passenger": 0.09678075086499631, "car_pt": 0.04917009650701548, "bike": 0.006058977906756914, "pt_car": 0.04460169534506943}}}