{"idf": {"nb": {"car": 0.31846094536587943, "walk": 0.3834153443631564, "bike": 0.012920528719189603, "car_passenger": 0.07608190470412919, "pt": 0.19306674937892424, "car_pt": 0.008177456930755556, "pt_car": 0.007877070537965611}, "dist": {"car": 0.42587409557264305, "walk": 0.03798078810906575, "bike": 0.01184127615824894, "car_passenger": 0.08604863151950586, "pt": 0.3715465623251915, "car_pt": 0.03415833349961182, "pt_car": 0.032550312815729655}}, "res": {"nb": {"walk": 0.49899396378269617, "car": 0.06927277953434895, "car_passenger": 0.08508192009198046, "pt": 0.3363035354987065, "bike": 0.010347801092267893}, "dist": {"walk": 0.07490182167082865, "car": 0.11046335314776311, "car_passenger": 0.10998378319150036, "pt": 0.6932988065428995, "bike": 0.011352235447007473}}, "inout": {"nb": {"car": 0.2713734142305571, "pt": 0.3184408898694613, "car_passenger": 0.09248023533737819, "car_pt": 0.0169148740577312, "walk": 0.2803824232395661, "bike": 0.004596433167861739, "pt_car": 0.015811730097444382}, "dist": {"car": 0.3115270355704353, "pt": 0.4727492877908384, "car_passenger": 0.09173200994725193, "car_pt": 0.04502070780026377, "walk": 0.03010589953229421, "bike": 0.007032807755002147, "pt_car": 0.04183225160391446}}}