{"idf": {"nb": {"car": 0.2812815815294797, "walk": 0.39458152849946626, "bike": 0.013633908625660057, "car_passenger": 0.07621765634786905, "pt": 0.216329127200476, "car_pt": 0.009165566367404872, "pt_car": 0.008790631429644072}, "dist": {"car": 0.37352790560622995, "walk": 0.03960286649500372, "bike": 0.01282224911840072, "car_passenger": 0.08448161482611317, "pt": 0.41431181363756164, "car_pt": 0.03862103218582171, "pt_car": 0.03663251813089546}}, "res": {"nb": {"walk": 0.48994400870080623, "bike": 0.011146469325629974, "car_passenger": 0.06990568372109082, "car": 0.0340724031373542, "pt": 0.39453437451446394, "car_pt": 0.0002071620525155803, "pt_car": 0.00018989854813928196}, "dist": {"walk": 0.061423494093806284, "bike": 0.012049037758891356, "car_passenger": 0.07909131014877531, "car": 0.09000413935152017, "pt": 0.7563907537832352, "car_pt": 0.0005621478521059022, "pt_car": 0.00047911701165208906}}, "inout": {"nb": {"car": 0.1624218427529696, "car_passenger": 0.06930579548407809, "walk": 0.2497745096540443, "bike": 0.010273187286930732, "pt": 0.43181783437543, "car_pt": 0.038960145536819896, "pt_car": 0.037446684909727426}, "dist": {"car": 0.15264980827450914, "car_passenger": 0.06354730841128957, "walk": 0.01584318350548819, "bike": 0.008620148070570679, "pt": 0.5790204272224837, "car_pt": 0.09268993877698041, "pt_car": 0.08762918573867653}}}