{"idf": {"nb": {"car": 0.3056064867341275, "walk": 0.3878678180104177, "car_passenger": 0.07611124870415092, "bike": 0.013302582104703626, "pt": 0.2010521462393212, "car_pt": 0.008180368486125238, "pt_car": 0.007879349721153837}, "dist": {"car": 0.4100573572944534, "walk": 0.03862852193136671, "car_passenger": 0.08552520214849298, "bike": 0.012208416473996843, "pt": 0.38696342700602493, "car_pt": 0.034172192557747186, "pt_car": 0.032444882587945555}}, "res": {"nb": {"walk": 0.5038044619634577, "car": 0.051856997463692024, "bike": 0.016267911665401206, "car_passenger": 0.07936866932682832, "pt": 0.348039611637938, "car_pt": 0.0003392513852764899, "pt_car": 0.0003230965574061808}, "dist": {"walk": 0.055453740511886694, "car": 0.0964170331020275, "bike": 0.01510157574661559, "car_passenger": 0.07478343359735883, "pt": 0.7567751849826418, "car_pt": 0.0007974038927015187, "pt_car": 0.0006716281667741386}}, "inout": {"nb": {"car": 0.24181241314209298, "walk": 0.2567060859532737, "bike": 0.010855599548994415, "car_passenger": 0.09240370244119883, "car_pt": 0.024883970946849517, "pt": 0.349450664708813, "pt_car": 0.023887563258777566}, "dist": {"car": 0.23024114600341825, "walk": 0.021707056868925167, "bike": 0.008430969241897136, "car_passenger": 0.08780726267854869, "car_pt": 0.06180898215764206, "pt": 0.5334979525557177, "pt_car": 0.05650663049385398}}}