{"outside": 385015984.67245775, "10km": 159629439.22036764, "20km": 224714634.08913988, "0km": 2229503.328449887, "IDF": 771589561.3104731}