{"outside": 236228750.3200311, "20km": 221203033.61864212, "0km": 60612666.266866334, "10km": 253545111.1048896, "IDF": 771589561.3104731}