{"outside": 314384945.89633465, "10km": 180585077.27076852, "20km": 274093444.02253985, "0km": 2526094.1207651068, "IDF": 771589561.3104731}