{"outside": 370645393.10962605, "10km": 169693248.6275297, "20km": 225935920.7363078, "0km": 5314998.8369479515, "IDF": 771589561.3104731}