area;pop;density;road;nb_pt;work_or_edu_fac;other_fac;cars_per_persons;dep
11.687117944773176;2769.224852071006;316.8230062726915;51350.39076914084;16.91715976331361;7.832347140039448;98.76331360946746;0.4703325462838691;77
9.371165092783505;6681.082474226804;953.4568879620957;64932.72244220232;31.97422680412371;19.061855670103093;229.60824742268042;0.5099862883334735;91
8.896581372586862;5553.150579150579;743.4790792188899;58548.1748354393;30.57915057915058;16.324324324324323;189.08494208494207;0.528148927422187;78
6.812205807065219;6677.271739130435;1127.2670645227204;52651.049211237914;25.434782608695652;17.668478260869566;246.0923913043478;0.44610668768991063;95
4.856130291666665;44702.944444444445;11258.578982221356;103498.00558481365;100.77777777777777;167.52777777777777;1547.111111111111;0.4232593537420717;92
5.226508712765958;29530.340425531915;7193.861731824107;99188.46345591245;69.93617021276596;82.76595744680851;1046.6382978723404;0.45472507542055934;94
5.9283233000000015;40577.775;7964.739591929581;123896.58469864093;95.675;115.375;1625.7;0.3519173476479773;93
5.244942825;109376.3;23443.883869367994;129769.71891283935;182.15;683.05;6215.55;0.25848788740602735;75
