{"outside": 286695333.89577615, "10km": 244836061.16401395, "20km": 208353499.8974522, "0km": 7640463.454019368, "IDF": 747525358.4112257}