{"outside": 188329337.30437428, "20km": 198492003.76008865, "10km": 298310051.20788276, "0km": 5845249.933310979, "IDF": 690976642.2056215}