{"outside": 340368904.97905606, "20km": 277300025.01636237, "10km": 151311710.54168758, "0km": 2608920.7733026077, "IDF": 771589561.3104731}