{"outside": 388058554.7202003, "10km": 141042882.33027956, "20km": 241355581.97390497, "0km": 1132542.2860310406, "IDF": 771589561.3104731}