{"outside": 338834056.6955263, "20km": 277363130.333948, "10km": 150971042.6230751, "0km": 1439059.6042423556, "IDF": 768607289.2567574}