{"outside": 304937668.3032476, "20km": 267790027.82987046, "10km": 192839875.8398463, "0km": 1193789.1409216954, "IDF": 766761361.1138502}