{"outside": 370819572.1100969, "20km": 255295669.20484626, "10km": 144251364.3377597, "0km": 8959.562913656411, "IDF": 770375565.2155819}