{"idf": 2049.699168150543, "res": 2279.8994778067886, "inout": 1996.1073961499494}