{"idf": 1562.2620997677889, "res": 1178.9924065420562, "inout": 1753.5411737943584}