{"outside": 387382237.43102705, "10km": 140769321.6918313, "20km": 242304609.0927745, "0km": 5750.5640292401495, "IDF": 770461918.7796285}