{"outside": 267467917.73762214, "20km": 233268986.59393516, "0km": 35375457.55630267, "10km": 235477199.4225701, "IDF": 771589561.3104731}