{"outside": 268078504.31134284, "20km": 240851968.76510295, "10km": 259516527.96635327, "0km": 3142560.2676308146, "IDF": 771589561.3104731}