{"outside": 290965354.86497164, "20km": 242904077.21575233, "10km": 222141138.22466177, "0km": 2129345.428547183, "IDF": 758139915.733897}