{"outside": 345978962.69503695, "20km": 263174633.25195155, "10km": 159431400.67670503, "0km": 1312941.253314151, "IDF": 769897937.8769716}