{"outside": 302798360.42887187, "10km": 171700181.32796946, "20km": 293387681.9482875, "0km": 5294.9539728948, "IDF": 767891518.6590649}