{"outside": 329679213.1274572, "10km": 180651169.23797926, "20km": 258896387.64974096, "0km": 2362791.295230865, "IDF": 771589561.3104731}