{"outside": 210575454.76724875, "20km": 214540845.40255013, "10km": 332683864.6505096, "0km": 13789396.49011936, "IDF": 771589561.3104731}