{"idf": {"nb": {"car": 0.2879766478216377, "car_passenger": 0.08310346232472086, "bike": 0.016287089916910916, "pt": 0.21537974850394115, "walk": 0.3960859218286788, "car_pt": 0.00039543405478079775, "carInternal": 0.00038345120463592505, "pt_car": 0.00038824434469387413}, "dist": {"car": 0.39294814523317323, "car_passenger": 0.09623115518984356, "bike": 0.009609411113052971, "pt": 0.4397594440554524, "walk": 0.05779634911037106, "car_pt": 0.0017456714636411076, "carInternal": 0.00026993300879562615, "pt_car": 0.0016398908256679192}}, "res": {"nb": {"car": 0.24804177545691905, "pt": 0.2154046997389034, "walk": 0.4660574412532637, "car_passenger": 0.05352480417754569, "bike": 0.016971279373368148}, "dist": {"car": 0.3739425655446854, "pt": 0.4824480140966779, "walk": 0.062431694353592734, "car_passenger": 0.07100737768535838, "bike": 0.010170348319685997}}, "inout": {"nb": {"car": 0.3505572441742654, "walk": 0.315096251266464, "pt": 0.23505572441742653, "car_passenger": 0.06382978723404255, "bike": 0.030395136778115502, "carInternal": 0.00303951367781155, "car_pt": 0.0010131712259371835, "pt_car": 0.0010131712259371835}, "dist": {"car": 0.3973729426233849, "walk": 0.04385992176845093, "pt": 0.4525245601515265, "car_passenger": 0.08283250745228653, "bike": 0.017670419968759857, "carInternal": 0.0021816469424981288, "car_pt": 0.0030985849050942436, "pt_car": 0.0004594161879976902}}}