{"idf": {"nb": {"car": 0.32054392918389274, "car_passenger": 0.08249782376144156, "walk": 0.37489415297474615, "car_pt": 0.006242899058109721, "bike": 0.013567394609569757, "pt": 0.1963453423751005, "pt_car": 0.005908458037139557}, "dist": {"car": 0.44349007060420376, "car_passenger": 0.09459825192642428, "walk": 0.03670733714123294, "car_pt": 0.02593615284677504, "bike": 0.012019557670062589, "pt": 0.3624702720518586, "pt_car": 0.02477835775942917}}, "res": {"nb": {"pt": 0.3966121495327103, "walk": 0.5280373831775701, "bike": 0.026869158878504672, "car": 0.02511682242990654, "car_passenger": 0.02336448598130841}, "dist": {"pt": 0.8225811674319718, "walk": 0.06971102127958771, "bike": 0.03218646585447963, "car": 0.027274984661173222, "car_passenger": 0.048246360772788224}}, "inout": {"nb": {"walk": 0.34849863512283896, "car_passenger": 0.04708826205641492, "car": 0.07506824385805277, "pt": 0.4606460418562329, "car_pt": 0.020018198362147407, "bike": 0.029117379435850774, "pt_car": 0.019563239308462238}, "dist": {"walk": 0.027612352231856985, "car_passenger": 0.08307667331778792, "car": 0.10712105069242, "pt": 0.6387926444359172, "car_pt": 0.0668211860326423, "bike": 0.0141117011253871, "pt_car": 0.06246439216398862}}}