{"idf": 1198.4207141029858, "res": 1283.9376693766937, "inout": 1276.9625641457053}