{"idf": 1198.4207141029858, "res": 1167.6789260757632, "inout": 1383.4371797999513}