{"idf": 1198.4207141029858, "res": 1163.7969470046082, "inout": 1315.6553858852662}