{"idf": 1198.4207141029858, "res": 1161.8638086524638, "inout": 1317.7325446830398}