{"idf": 1198.4207141029858, "res": 1144.7527865104316, "inout": 1445.2158060336849}