{"idf": 1198.4207141029858, "res": 1181.2824522213948, "inout": 1236.4783968719453}