{"idf": 1198.4207141029858, "res": 1190.576342992713, "inout": 1368.913301490809}