{"idf": 1198.4207141029858, "res": 1184.5976210501021, "inout": 1793.596310396196}