{"idf": 1198.4207141029858, "res": 1195.8640652643994, "inout": 1571.8919103786716}