{"idf": 1198.4207141029858, "res": 1070.407809909744, "inout": 1373.934877505568}