{"idf": 1198.4207141029858, "res": 1175.6393643214765, "inout": 1780.188789006651}