{"idf": 1198.4207141029858, "res": 1159.1213327745181, "inout": 1201.7}