{"idf": 1198.4207141029858, "res": 1113.5731807824695, "inout": 1623.1681954233852}