{"idf": 1198.4207141029858, "res": 1183.4090085425835, "inout": 1256.9337629788758}