{"idf": 1198.4207141029858, "res": 1061.4820272020725, "inout": 1243.1956869009584}