{"idf": 1198.4207141029858, "res": 1162.1192304516555, "inout": 1537.8024595036409}