{"idf": 1198.4207141029858, "res": 1172.3826916406522, "inout": 1828.2999339803762}