{"idf": 1198.4207141029858, "res": 1073.2969151670952, "inout": 1331.130891051326}