{"idf": 1198.4207141029858, "res": 1024.4387895460798, "inout": 1561.5825342146913}