{"idf": 1198.4207141029858, "res": 1154.9656876269783, "inout": 1747.8717471314137}