{"idf": 1198.4207141029858, "res": 1178.7462990268357, "inout": 1807.668515832601}