{"idf": 1198.4207141029858, "res": 1184.98575, "inout": 1469.0258929701008}