{"idf": 1198.4207141029858, "res": 1174.881649245064, "inout": 1382.4036195560184}