{"idf": 1198.4207141029858, "res": 1133.9468855218856, "inout": 1368.4235396946424}