{"idf": 1198.4207141029858, "res": 1229.9386211667052, "inout": 1357.0409956076135}