{"idf": 1198.4207141029858, "res": 1171.1109744253804, "inout": 1470.18800219855}