{"idf": 1198.4207141029858, "res": 1186.9753696513314, "inout": 1311.0867759795572}