{"idf": 1198.4207141029858, "res": 1160.0569338351559, "inout": 1635.1220982391103}