{"idf": 1198.4207141029858, "res": 1169.4686833186895, "inout": 1664.177427748673}