{"idf": 1198.4207141029858, "res": 1134.40215902209, "inout": 1582.6223223157997}