{"idf": 1198.4207141029858, "res": 1188.3177147554459, "inout": 1398.367730825275}