{"idf": 1222.0994874706898, "res": 1422.2607524671052, "inout": 1794.25410692951}