{"idf": 1213.7054295661808, "res": 1226.585965608794, "inout": 1865.9630945460026}