{"idf": 1266.255577831744, "res": 1490.352040703135, "inout": 2009.422278844214}