{"idf": 1215.3542521899424, "res": 1329.2058732228224, "inout": 1836.9088864281266}