{"idf": 1217.599279864839, "res": 1415.644847699287, "inout": 1764.4804167470577}