{"idf": 1216.9460229552149, "res": 1547.8793103448277, "inout": 1691.4901790872327}