{"idf": 1217.1316089639545, "res": 1633.0502879473468, "inout": 1565.9135802469136}