{"idf": 1241.0691282003024, "res": 1416.129211575755, "inout": 2134.431045816581}