{"idf": 1215.9494700118526, "res": 1359.4343900902793, "inout": 1410.6986754966888}