{"idf": 1214.867251150044, "res": 1358.3793382261476, "inout": 1662.4871957403652}