{"idf": 1223.223953849941, "res": 1509.7677994472342, "inout": 1624.387335467805}