{"idf": 1216.10650362857, "res": 1355.5259938837921, "inout": 1576.5303070060352}