{"idf": 1214.2691654362156, "res": 1110.356043956044, "inout": 1440.8941041279943}