{"idf": 1216.1321907957229, "res": 1338.6249762040738, "inout": 1553.1738543073886}