{"idf": 1244.4826204525637, "res": 1407.6933640185985, "inout": 1911.6163345633456}