{"idf": 1214.1357735284432, "res": 1398.4053083728684, "inout": 1562.038387221435}