{"idf": 1229.2596695548152, "res": 1552.2053278622316, "inout": 1907.0385976872853}