{"idf": 1230.1164863007396, "res": 1473.0269539515668, "inout": 1707.2865828715928}