{"idf": 1214.3863957253157, "res": 1339.3170451279104, "inout": 1644.684500827358}