{"idf": 1216.8131524871649, "res": 1391.5511875511875, "inout": 1971.8709171162334}