{"idf": 1216.3825204531074, "res": 1385.596533516988, "inout": 1601.5417512607244}