{"idf": 1219.8277784030574, "res": 1582.3094486387554, "inout": 1757.874454416164}