{"idf": 1215.6962300422636, "res": 1495.8708621316844, "inout": 1673.3229426433916}