{"idf": 1216.339568581282, "res": 1363.148937439119, "inout": 1988.1435035065228}