{"idf": 1262.0113743081088, "res": 1457.3615378308475, "inout": 2106.781365377917}