{"idf": 1212.2234546637765, "res": 1052.6044776119404, "inout": 1597.031780821918}