{"idf": 1214.7934111744705, "res": 1337.8141388174806, "inout": 1394.0428597154691}