{"idf": 1215.7712260319684, "res": 1308.1659958138787, "inout": 1508.920489296636}