{"idf": 1224.2216891107312, "res": 1374.342042244573, "inout": 2041.7800091525387}