{"idf": 1240.834865806874, "res": 1469.3908659632232, "inout": 1860.824241506547}