{"idf": 1214.6380728071715, "res": 1434.5655596555966, "inout": 1448.6755964020335}