{"outside": 208884323.58947676, "20km": 212551844.55254573, "10km": 320362108.49652183, "0km": 4635633.7996536, "IDF": 746433910.4381597}