{"outside": 372159753.4680859, "20km": 269718329.22358793, "10km": 127982283.69480705, "0km": 1729194.9239273616, "IDF": 771589561.3104731}