{"outside": 235184430.98116428, "0km": 54959397.100844674, "10km": 289560810.50404334, "20km": 191884922.72437775, "IDF": 771589561.3104731}