{"outside": 369393972.30776304, "10km": 167121969.71310353, "20km": 224689475.20787004, "0km": 35025.67632125475, "IDF": 761240442.9050224}