{"outside": 8778378.505705144, "20km": 7541106.867105959, "10km": 3978572.0629038187, "0km": 9857.654176502723, "IDF": 20307915.08989065}