{"outside": 321373730.80197036, "10km": 207777429.48934025, "20km": 227912132.12704232, "0km": 4319265.448606979, "IDF": 761382557.8669236}