{"outside": 322603269.35704285, "20km": 254138310.05398297, "10km": 189985954.94190112, "0km": 4862026.957489881, "IDF": 771589561.3104731}