{"outside": 328770679.7658098, "10km": 178307250.60042793, "20km": 259375512.89707595, "0km": 227437.63981569768, "IDF": 766680880.9030924}