{"outside": 318197849.2111325, "20km": 263662746.6263608, "10km": 177929047.10312334, "0km": 461489.8197270515, "IDF": 760251132.7603086}