{"outside": 177225999.77702478, "20km": 183872479.31754893, "0km": 15677243.79922847, "10km": 258231399.16905686, "IDF": 635007122.0628283}