{"outside": 292217079.1257413, "20km": 244866705.08312812, "0km": 4497193.7797928965, "10km": 198836802.26235932, "IDF": 740417780.2509862}