{"outside": 371553428.00172985, "20km": 255052507.4613906, "10km": 144443015.95943612, "0km": 540609.887862161, "IDF": 771589561.3104731}