{"outside": 371113152.8114624, "20km": 270140950.50148106, "10km": 127291081.35267705, "0km": 15806.22298267995, "IDF": 768560990.8885653}