{"outside": 321223691.9993859, "20km": 252884760.57485253, "10km": 186215854.79597235, "0km": 645118.6048533606, "IDF": 760969425.9750285}