{"outside": 212524138.91605005, "0km": 24412666.452383634, "10km": 254841031.84016302, "20km": 171547516.7116952, "IDF": 663325353.9202541}