{"outside": 294459898.1043531, "20km": 248608839.73493397, "0km": 16776320.385156302, "10km": 211744503.0859787, "IDF": 771589561.3104731}