{"outside": 322437078.4007148, "10km": 210714062.84879124, "20km": 229034626.64887995, "0km": 9403793.412025884, "IDF": 771589561.3104731}