{"outside": 182293815.69906607, "20km": 194672143.47216356, "0km": 86345761.58171767, "10km": 308277840.5574791, "IDF": 771589561.3104731}