{"outside": 318294288.977395, "10km": 209822188.12435785, "20km": 240403743.201324, "0km": 1505.859423484155, "IDF": 768521726.1624641}