{"outside": 293434148.3836222, "20km": 244499723.65989608, "10km": 227337669.3972904, "0km": 6318019.8696106775, "IDF": 771589561.3104731}