{"outside": 215953076.25998536, "0km": 84398785.57350242, "10km": 293427915.8698757, "20km": 177809783.60706577, "IDF": 771589561.3104731}