{"outside": 191176867.0652144, "20km": 204606257.098498, "10km": 333568237.85335433, "0km": 42238199.293360524, "IDF": 771589561.3104731}