{"outside": 288206095.1264102, "10km": 252480524.3615242, "20km": 209911750.7663782, "0km": 20991191.05610582, "IDF": 771589561.3104731}