{"outside": 68149030.6540511, "10km": 47818655.32171315, "20km": 53194979.35157734, "0km": 1137.1377666859494, "IDF": 169163802.46510187}