{"outside": [11751140.536238773, 12279882.035756739, 9214816.798049975, 6522826.298629262, 5057357.456749294, 14479987.221665, 4316078.443139263, 1846959.356181227, 990287.7555983268, 1689694.75204291], "10km": [14254124.092506664, 14949677.747597488, 7969644.371788781, 3313154.9690410546, 2320687.3711573887, 3958319.65166977, 656681.0820335493, 228948.7354260107, 167417.3004932633, 0], "20km": [13780546.536932213, 13325439.678547686, 7551469.606713806, 4789103.315081873, 3395853.308369214, 7493784.4087713985, 1449085.2633470695, 737687.1675875015, 163958.6958689155, 508051.370357101], "0km": [411.54956103314055, 481.2044765147525, 244.38372913805688, 0, 0, 0, 0, 0, 0, 0], "IDF": [39786222.715239, 40555480.66637812, 24736175.16028165, 14625084.582752183, 10773898.136275914, 25932091.282106176, 6421844.788519879, 2813595.25919474, 1321663.7519605053, 2197746.122400011]}