{"outside": [0, 0, 0, 20565.177024218654, 272650.20303213986, 932754.6004638764, 2629057.928223586, 5024940.155193165, 6702941.374002344, 4601017.269770825, 2750090.511548871, 2806500.367512888, 2863231.883405829, 3452396.2157694, 3375464.9854503004, 3413350.172807286, 4706418.479015701, 6026669.8313746825, 6163174.147207026, 4923855.137973578, 3247984.1520901625, 1860219.6949990648, 1100599.4675222638, 652430.0817582337, 322734.44757654355, 167957.56170030357, 97588.50091155796, 32001.367743732953, 2436.939973508461, 0], "10km": [0, 0, 0, 22199.207955428268, 191349.67110777544, 537922.1368885657, 1473059.1512490734, 2749034.294341615, 3538681.705289096, 3408225.8900679788, 2754483.6667383746, 2315129.883348452, 2270132.3520576376, 2281866.931714372, 2364984.415676319, 2491854.377962557, 2880547.4786291523, 3530502.170835728, 3850822.7538685114, 3563674.078111743, 2992552.028406924, 2069616.1810553987, 1250287.6744343715, 671191.9728906373, 290428.8819783067, 171017.33781639836, 95068.34504413548, 45976.79672187913, 8045.937522829291, 0], "20km": [0, 0, 0, 32522.090630779745, 202281.25718691817, 612372.6588402967, 1808214.5477600365, 3422275.9477144876, 4387599.862688191, 3920563.10404136, 2853109.2279434465, 2396299.378894767, 2454909.2931342144, 2559647.498581282, 2548218.05903685, 2716920.4658882967, 3322966.885262092, 4177693.2827844536, 4463083.371720992, 3991341.9183146176, 3039464.4458463676, 1882355.1179608398, 1226231.9392237766, 620460.0068557598, 277863.21188305574, 156047.5615027964, 76292.66525269319, 36236.857615025096, 9552.212123158055, 456.48289074766035], "0km": [0, 0, 0, 0, 0, 0, 2.1102415120755493, 58.728121340164336, 101.71192394104317, 36.735925021702926, 80.80841361033511, 36.645832030025495, 35.59471373030851, 70.30397200710836, 31.526814273784424, 133.5276192468097, 61.43601921580516, 47.50848767361645, 81.92911218408186, 89.06739104150954, 2.1102415120755493, 79.89452581653597, 74.29170658893722, 86.05295825802386, 27.153747682006316, 0, 0, 0, 0, 0], "IDF": [0, 0, 0, 75286.47561042699, 666281.1313268248, 2083049.3961927244, 5910333.737474, 11196309.125370238, 14629324.653903166, 11929842.999804776, 8357764.214644071, 7517966.275587876, 7588309.123311165, 8293980.950036759, 8288698.986977512, 8622258.544277063, 10909994.27892582, 13734912.793482054, 14477162.201908259, 12478960.201790528, 9280002.736584641, 5812270.888540945, 3577193.3728868375, 1944168.1144629023, 891053.6951855877, 495022.46101949754, 268949.5112083881, 114215.02208063783, 20035.089619495815, 456.48289074766035]}