{"outside": 346633137.2076447, "20km": 262771388.85989413, "10km": 160290315.83738527, "0km": 1894719.4054824114, "IDF": 771589561.3104731}